consumer	candidate_provider	symbol_count	symbols	metadata_status
abc.ko	dhd.ko	1	strlcpy	CANDIDATE_ONLY
abc.ko	sec_class.ko	2	sec_device_create,sec_device_destroy	DECLARED_HARD
abc_hub.ko	abc.ko	3	motto_send_bootcheck_info,sec_abc_send_event,sec_abc_wait_enabled	DECLARED_HARD
abc_hub.ko	sec_abc_detect_conn.ko	1	abc_hub_cond_enable	DECLARED_HARD
abc_hub.ko	sec_class.ko	2	sec_device_create,sec_device_destroy	DECLARED_HARD
adsp_factory_module.ko	dhd.ko	1	strlcpy	CANDIDATE_ONLY
adsp_factory_module.ko	sec_panel_notifier.ko	2	ss_panel_notifier_register,ss_panel_notifier_unregister	DECLARED_HARD
adsp_factory_module.ko	sensors_core.ko	2	sensors_register,sensors_unregister	DECLARED_HARD
adsp_sleepmon.ko	smem.ko	1	qcom_smem_get	DECLARED_HARD
akm.ko	hall_ic_notifier.ko	1	hall_notifier_register	DECLARED_HARD
akm.ko	sec_class.ko	1	sec_device_create	DECLARED_HARD
altmode-glink.ko	pmic_glink.ko	3	pmic_glink_register_client,pmic_glink_unregister_client,pmic_glink_write	DECLARED_HARD
altmode-glink.ko	qcom_ipc_logging.ko	3	ipc_log_context_create,ipc_log_context_destroy,ipc_log_string	DECLARED_HARD
arm_smmu.ko	iommu-logger.ko	2	iommu_logger_register,iommu_logger_unregister	DECLARED_HARD
arm_smmu.ko	qcom-scm.ko	4	qcom_scm_io_readl,qcom_scm_io_writel,qcom_scm_is_available,qcom_scm_qsmmu500_wait_safe_toggle	DECLARED_HARD
arm_smmu.ko	qcom_iommu_util.ko	7	fast_smmu_init_mapping,fast_smmu_put_dma_cookie,qcom_alloc_io_pgtable_ops,qcom_dma_iommu_is_ready,qcom_free_io_pgtable_ops,qcom_iommu_generate_resv_regions,qcom_iommu_get_fast_iova_range	DECLARED_HARD
arm_smmu.ko	secure_buffer.ko	1	hyp_assign_phys	DECLARED_HARD
bam_dma.ko	qcom_ipc_logging.ko	3	ipc_log_context_create,ipc_log_context_destroy,ipc_log_string	DECLARED_HARD
bcl_pmic5.ko	qcom_ipc_logging.ko	2	ipc_log_context_create,ipc_log_string	DECLARED_HARD
bluesleep.ko	msm_geni_serial.ko	6	msm_geni_serial_get_clock_count,msm_geni_serial_get_uart_port,msm_geni_serial_set_mctrl,msm_geni_serial_tx_empty,vote_clock_off,vote_clock_on	DECLARED_HARD
bt_fm_slim.ko	btpower.ko	2	btpower_get_chipset_version,btpower_register_slimdev	DECLARED_HARD
bt_fm_slim.ko	slimbus.ko	10	__slim_driver_register,slim_driver_unregister,slim_get_logical_addr,slim_readb,slim_stream_allocate,slim_stream_disable,slim_stream_enable,slim_stream_prepare,slim_stream_unprepare_disconnect_port,slim_writeb	DECLARED_HARD
btpower.ko	dhd.ko	1	strlcpy	CANDIDATE_ONLY
bwmon.ko	qcom-dcvs.ko	10	__traceiter_bw_hwmon_debug,__traceiter_bw_hwmon_meas,__traceiter_bw_hwmon_update,__tracepoint_bw_hwmon_debug,__tracepoint_bw_hwmon_meas,__tracepoint_bw_hwmon_update,qcom_dcvs_hw_minmax_get,qcom_dcvs_kobject_get,qcom_dcvs_register_voter,qcom_dcvs_update_votes	DECLARED_HARD
camcc-diwali.ko	clk-qcom.ko	15	clk_alpha_pll_lucid_evo_ops,clk_alpha_pll_postdiv_lucid_evo_ops,clk_alpha_pll_postdiv_rivian_evo_ops,clk_alpha_pll_regs,clk_alpha_pll_rivian_evo_ops,clk_branch2_ops,clk_lucid_evo_pll_configure,clk_rcg2_ops,clk_rivian_evo_pll_configure,qcom_cc_map,qcom_cc_really_probe,qcom_cc_runtime_init,qcom_cc_runtime_resume,qcom_cc_runtime_suspend,qcom_cc_sync_state	DECLARED_HARD
camcc-waipio.ko	clk-qcom.ko	15	clk_alpha_pll_lucid_evo_ops,clk_alpha_pll_postdiv_lucid_evo_ops,clk_alpha_pll_regs,clk_alpha_pll_rivian_evo_ops,clk_branch2_aon_ops,clk_branch2_ops,clk_lucid_evo_pll_configure,clk_rcg2_ops,clk_rivian_evo_pll_configure,qcom_cc_map,qcom_cc_really_probe,qcom_cc_runtime_init,qcom_cc_runtime_resume,qcom_cc_runtime_suspend,qcom_cc_sync_state	DECLARED_HARD
cdsp-loader.ko	qcom_ramdump.ko	2	dump_enabled,set_dump_enabled	DECLARED_HARD
cfg80211.ko	dhd.ko	1	strlcpy	CANDIDATE_ONLY
charger-ulog-glink.ko	pmic_glink.ko	3	pmic_glink_register_client,pmic_glink_unregister_client,pmic_glink_write	DECLARED_HARD
charger-ulog-glink.ko	qcom_ipc_logging.ko	3	ipc_log_context_create,ipc_log_context_destroy,ipc_log_string	DECLARED_HARD
cl_dsp.ko	dhd.ko	1	strlcpy	CANDIDATE_ONLY
clk-dummy.ko	clk-qcom.ko	1	clk_debug_measure_add	DECLARED_HARD
clk-qcom.ko	gdsc-regulator.ko	1	gdsc_debug_print_regs	DECLARED_HARD
clk-rpmh.ko	cmd-db.ko	2	cmd_db_read_addr,cmd_db_read_aux_data	DECLARED_HARD
clk-rpmh.ko	qcom_rpmh.ko	2	rpmh_write,rpmh_write_async	DECLARED_HARD
cnss2.ko	cmd-db.ko	2	cmd_db_read_addr,cmd_db_ready	DECLARED_HARD
cnss2.ko	cnss_plat_ipc_qmi_svc.ko	5	cnss_plat_ipc_qmi_daemon_config,cnss_plat_ipc_qmi_file_download,cnss_plat_ipc_qmi_file_upload,cnss_plat_ipc_register,cnss_plat_ipc_unregister	DECLARED_HARD
cnss2.ko	cnss_utils.ko	1	cnss_utils_set_wlan_mac_address	DECLARED_HARD
cnss2.ko	dhd.ko	1	strlcpy	CANDIDATE_ONLY
cnss2.ko	memory_dump_v2.ko	1	msm_dump_data_register_nominidump	DECLARED_HARD
cnss2.ko	mhi.ko	26	mhi_alloc_controller,mhi_controller_set_bw_scale_cb,mhi_debug_reg_dump,mhi_device_get,mhi_device_get_sync,mhi_device_get_sync_atomic,mhi_device_put,mhi_download_rddm_image,mhi_dump_sfr,mhi_force_rddm_mode,mhi_force_reset,mhi_free_controller,mhi_get_exec_env,mhi_pm_fast_resume,mhi_pm_fast_suspend,mhi_pm_resume,mhi_pm_suspend,mhi_power_down,mhi_prepare_for_power_up,mhi_register_controller,mhi_report_error,mhi_scan_rddm_cookie,mhi_set_m2_timeout_ms,mhi_sync_power_up,mhi_unprepare_after_power_down,mhi_unregister_controller	DECLARED_HARD
cnss2.ko	minidump.ko	2	msm_minidump_add_region,msm_minidump_remove_region	DECLARED_HARD
cnss2.ko	pci-msm-drv.ko	9	msm_pcie_allow_l1,msm_pcie_deregister_event,msm_pcie_enumerate,msm_pcie_pm_control,msm_pcie_prevent_l1,msm_pcie_reg_dump,msm_pcie_register_event,msm_pcie_set_link_bandwidth,msm_pcie_set_target_link_speed	DECLARED_HARD
cnss2.ko	qcom_ipc_logging.ko	3	ipc_log_context_create,ipc_log_context_destroy,ipc_log_string	DECLARED_HARD
cnss2.ko	qcom_ramdump.ko	2	qcom_dump,qcom_elf_dump	DECLARED_HARD
cnss2.ko	qmi_helpers.ko	8	qmi_add_lookup,qmi_handle_init,qmi_handle_release,qmi_response_type_v01_ei,qmi_send_request,qmi_txn_cancel,qmi_txn_init,qmi_txn_wait	DECLARED_HARD
cnss2.ko	wlan_firmware_service.ko	61	dms_get_mac_address_req_msg_v01_ei,dms_get_mac_address_resp_msg_v01_ei,wlfw_antenna_grant_req_msg_v01_ei,wlfw_antenna_grant_resp_msg_v01_ei,wlfw_antenna_switch_req_msg_v01_ei,wlfw_antenna_switch_resp_msg_v01_ei,wlfw_athdiag_read_req_msg_v01_ei,wlfw_athdiag_read_resp_msg_v01_ei,wlfw_athdiag_write_req_msg_v01_ei,wlfw_athdiag_write_resp_msg_v01_ei,wlfw_bdf_download_req_msg_v01_ei,wlfw_bdf_download_resp_msg_v01_ei,wlfw_cal_done_ind_msg_v01_ei,wlfw_cal_report_req_msg_v01_ei,wlfw_cal_report_resp_msg_v01_ei,wlfw_cap_req_msg_v01_ei,wlfw_cap_resp_msg_v01_ei,wlfw_dynamic_feature_mask_req_msg_v01_ei,wlfw_dynamic_feature_mask_resp_msg_v01_ei,wlfw_fw_init_done_ind_msg_v01_ei,wlfw_fw_mem_ready_ind_msg_v01_ei,wlfw_fw_ready_ind_msg_v01_ei,wlfw_get_info_req_msg_v01_ei,wlfw_get_info_resp_msg_v01_ei,wlfw_host_cap_req_msg_v01_ei,wlfw_host_cap_resp_msg_v01_ei,wlfw_ind_register_req_msg_v01_ei,wlfw_ind_register_resp_msg_v01_ei,wlfw_ini_file_download_req_msg_v01_ei,wlfw_ini_file_download_resp_msg_v01_ei,wlfw_ini_req_msg_v01_ei,wlfw_ini_resp_msg_v01_ei,wlfw_m3_info_req_msg_v01_ei,wlfw_m3_info_resp_msg_v01_ei,wlfw_mac_addr_req_msg_v01_ei,wlfw_mac_addr_resp_msg_v01_ei,wlfw_pcie_gen_switch_req_msg_v01_ei,wlfw_pcie_gen_switch_resp_msg_v01_ei,wlfw_pin_connect_result_ind_msg_v01_ei,wlfw_qdss_trace_config_download_req_msg_v01_ei,wlfw_qdss_trace_config_download_resp_msg_v01_ei,wlfw_qdss_trace_data_req_msg_v01_ei,wlfw_qdss_trace_data_resp_msg_v01_ei,wlfw_qdss_trace_free_ind_msg_v01_ei,wlfw_qdss_trace_mem_info_req_msg_v01_ei,wlfw_qdss_trace_mem_info_resp_msg_v01_ei,wlfw_qdss_trace_mode_req_msg_v01_ei,wlfw_qdss_trace_mode_resp_msg_v01_ei,wlfw_qdss_trace_req_mem_ind_msg_v01_ei,wlfw_qdss_trace_save_ind_msg_v01_ei,wlfw_request_mem_ind_msg_v01_ei,wlfw_respond_get_info_ind_msg_v01_ei,wlfw_respond_mem_req_msg_v01_ei,wlfw_respond_mem_resp_msg_v01_ei,wlfw_wfc_call_status_req_msg_v01_ei,wlfw_wfc_call_status_resp_msg_v01_ei,wlfw_wfc_call_twt_config_ind_msg_v01_ei,wlfw_wlan_cfg_req_msg_v01_ei,wlfw_wlan_cfg_resp_msg_v01_ei,wlfw_wlan_mode_req_msg_v01_ei,wlfw_wlan_mode_resp_msg_v01_ei	DECLARED_HARD
cnss_plat_ipc_qmi_svc.ko	qcom_ipc_logging.ko	3	ipc_log_context_create,ipc_log_context_destroy,ipc_log_string	DECLARED_HARD
cnss_plat_ipc_qmi_svc.ko	qmi_helpers.ko	6	qmi_add_server,qmi_handle_init,qmi_handle_release,qmi_response_type_v01_ei,qmi_send_indication,qmi_send_response	DECLARED_HARD
common_muic.ko	sec_class.ko	2	sec_device_create,sec_device_destroy	DECLARED_HARD
common_muic.ko	switch_class.ko	3	switch_dev_register,switch_dev_unregister,switch_set_state	DECLARED_HARD
common_muic.ko	usb_notify_layer.ko	2	get_otg_notify,inc_hw_param	DECLARED_HARD
core_hang_detect.ko	qcom-scm.ko	2	qcom_scm_io_readl,qcom_scm_io_writel	DECLARED_HARD
coresight-csr.ko	coresight.ko	4	coresight_alloc_device_name,coresight_get_platform_data,coresight_register,coresight_unregister	DECLARED_HARD
coresight-cti.ko	coresight.ko	12	coresight_add_sysfs_link,coresight_alloc_device_name,coresight_claim_device,coresight_disclaim_device,coresight_disclaim_device_unlocked,coresight_find_csdev_by_fwnode,coresight_register,coresight_remove_cti_ops,coresight_remove_sysfs_link,coresight_set_assoc_ectdev_mutex,coresight_set_cti_ops,coresight_unregister	DECLARED_HARD
coresight-dummy.ko	coresight.ko	4	coresight_alloc_device_name,coresight_get_platform_data,coresight_register,coresight_unregister	DECLARED_HARD
coresight-funnel.ko	coresight.ko	6	coresight_alloc_device_name,coresight_claim_device_unlocked,coresight_disclaim_device_unlocked,coresight_get_platform_data,coresight_register,coresight_unregister	DECLARED_HARD
coresight-hwevent.ko	coresight-csr.ko	3	coresight_csr_get,coresight_csr_hwctrl_set,of_get_coresight_csr_name	DECLARED_HARD
coresight-hwevent.ko	coresight.ko	4	coresight_alloc_device_name,coresight_get_platform_data,coresight_register,coresight_unregister	DECLARED_HARD
coresight-remote-etm.ko	coresight.ko	4	coresight_alloc_device_name,coresight_get_platform_data,coresight_register,coresight_unregister	DECLARED_HARD
coresight-remote-etm.ko	qmi_helpers.ko	8	qmi_add_lookup,qmi_handle_init,qmi_handle_release,qmi_response_type_v01_ei,qmi_send_request,qmi_txn_cancel,qmi_txn_init,qmi_txn_wait	DECLARED_HARD
coresight-replicator.ko	coresight.ko	6	coresight_alloc_device_name,coresight_claim_device_unlocked,coresight_disclaim_device_unlocked,coresight_get_platform_data,coresight_register,coresight_unregister	DECLARED_HARD
coresight-stm.ko	coresight.ko	7	coresight_alloc_device_name,coresight_disable,coresight_enable,coresight_get_platform_data,coresight_register,coresight_timeout,coresight_unregister	DECLARED_HARD
coresight-stm.ko	stm_core.ko	2	stm_register_device,stm_unregister_device	DECLARED_HARD
coresight-tgu.ko	coresight.ko	3	coresight_alloc_device_name,coresight_get_platform_data,coresight_register	DECLARED_HARD
coresight-tmc.ko	coresight-csr.ko	8	coresight_csr_get,coresight_csr_set_byte_cntr,coresight_csr_set_etr_atid,msm_qdss_csr_disable_bam_to_usb,msm_qdss_csr_disable_flush,msm_qdss_csr_enable_bam_to_usb,msm_qdss_csr_enable_flush,of_get_coresight_csr_name	DECLARED_HARD
coresight-tmc.ko	coresight.ko	11	coresight_alloc_device_name,coresight_barrier_pkt,coresight_claim_device,coresight_disclaim_device,coresight_disclaim_device_unlocked,coresight_get_platform_data,coresight_register,coresight_remove_csr_ops,coresight_set_csr_ops,coresight_timeout,coresight_unregister	DECLARED_HARD
coresight-tmc.ko	sps_drv.ko	8	sps_alloc_endpoint,sps_connect,sps_device_reset,sps_disconnect,sps_free_endpoint,sps_get_bam_addr,sps_get_config,sps_register_bam_device	DECLARED_HARD
coresight-tmc.ko	usb_bam.ko	1	get_qdss_bam_connection_info	DECLARED_HARD
coresight-tmc.ko	usb_f_qdss.ko	5	usb_qdss_alloc_req,usb_qdss_close,usb_qdss_free_req,usb_qdss_open,usb_qdss_write	DECLARED_HARD
coresight-tpda.ko	coresight.ko	4	coresight_alloc_device_name,coresight_get_platform_data,coresight_register,coresight_unregister	DECLARED_HARD
coresight-tpdm.ko	coresight.ko	5	coresight_alloc_device_name,coresight_disable,coresight_get_platform_data,coresight_register,coresight_unregister	DECLARED_HARD
coresight-tpdm.ko	qcom-scm.ko	1	qcom_scm_get_sec_dump_state	DECLARED_HARD
cpu_hotplug.ko	sec_pm_log.ko	1	ss_thermal_print	DECLARED_HARD
cpu_voltage_cooling.ko	socinfo.ko	1	socinfo_get_id	DECLARED_HARD
cpufreq_limit.ko	cpu_voltage_cooling.ko	1	cflm_vbf	DECLARED_HARD
cpufreq_limit.ko	sched-walt.ko	1	sched_set_boost	DECLARED_HARD
cqhci.ko	crypto-qti-common.ko	3	crypto_qti_derive_raw_secret,crypto_qti_keyslot_evict,crypto_qti_keyslot_program	DECLARED_HARD
crypto-qti-common.ko	crypto-qti-hwkm.ko	4	crypto_qti_derive_raw_secret_platform,crypto_qti_disable_platform,crypto_qti_invalidate_key,crypto_qti_program_key	DECLARED_HARD
crypto-qti-common.ko	qcom-scm.ko	1	qcom_scm_hibernate_exit	DECLARED_HARD
crypto-qti-hwkm.ko	hwkm.ko	4	qti_hwkm_get_reg_data,qti_hwkm_init,qti_hwkm_init_required,qti_hwkm_is_ice_tpkey_set	DECLARED_HARD
crypto-qti-hwkm.ko	qcom-scm.ko	7	qcom_scm_clear_ice_key,qcom_scm_config_set_ice_key,qcom_scm_derive_raw_secret,qtee_shmbridge_allocate_shm,qtee_shmbridge_flush_shm_buf,qtee_shmbridge_free_shm,qtee_shmbridge_inv_shm_buf	DECLARED_HARD
dcc_v2.ko	dhd.ko	1	strlcpy	CANDIDATE_ONLY
dcc_v2.ko	minidump.ko	1	msm_minidump_add_region	DECLARED_HARD
dcvs_fp.ko	cmd-db.ko	2	cmd_db_read_addr,cmd_db_read_aux_data	DECLARED_HARD
dcvs_fp.ko	qcom_rpmh.ko	3	rpmh_init_fast_path,rpmh_update_fast_path,rpmh_write_async	DECLARED_HARD
debugcc-diwali.ko	clk-dummy.ko	1	clk_dummy_ops	DECLARED_HARD
debugcc-diwali.ko	clk-qcom.ko	4	clk_debug_measure_register,clk_debug_mux_ops,devm_clk_register_debug_mux,map_debug_bases	DECLARED_HARD
debugcc-waipio.ko	clk-dummy.ko	1	clk_dummy_ops	DECLARED_HARD
debugcc-waipio.ko	clk-qcom.ko	4	clk_debug_measure_register,clk_debug_mux_ops,devm_clk_register_debug_mux,map_debug_bases	DECLARED_HARD
dhd.ko	cfg80211.ko	37	__cfg80211_alloc_event_skb,__cfg80211_alloc_reply_skb,__cfg80211_send_event_skb,cfg80211_ch_switch_notify,cfg80211_chandef_create,cfg80211_connect_done,cfg80211_del_sta_sinfo,cfg80211_disconnected,cfg80211_find_elem_match,cfg80211_get_bss,cfg80211_ibss_joined,cfg80211_inform_bss_frame_data,cfg80211_mgmt_tx_status,cfg80211_michael_mic_failure,cfg80211_new_sta,cfg80211_port_authorized,cfg80211_put_bss,cfg80211_ready_on_channel,cfg80211_remain_on_channel_expired,cfg80211_roamed,cfg80211_rx_mgmt_khz,cfg80211_scan_done,cfg80211_sched_scan_results,cfg80211_sched_scan_stopped_rtnl,cfg80211_unlink_bss,cfg80211_unregister_wdev,cfg80211_vendor_cmd_reply,ieee80211_channel_to_freq_khz,ieee80211_freq_khz_to_channel,ieee80211_get_channel_khz,regulatory_hint,regulatory_set_wiphy_regd_sync_rtnl,wiphy_apply_custom_regulatory,wiphy_free,wiphy_new_nm,wiphy_register,wiphy_unregister	DECLARED_HARD
dhd.ko	dev_ril_bridge.ko	3	dev_ril_bridge_send_msg,register_dev_ril_bridge_event_notifier,unregister_dev_ril_bridge_event_notifier	DECLARED_HARD
dhd.ko	hdm.ko	1	hdm_wifi_support	DECLARED_HARD
dhd.ko	pci-msm-drv.ko	6	msm_pcie_deregister_event,msm_pcie_enumerate,msm_pcie_pm_control,msm_pcie_register_event,sec_pcie_set_ep_driver_loaded,sec_pcie_set_use_ep_loaded	DECLARED_HARD
dispcc-diwali.ko	clk-qcom.ko	16	clk_alpha_pll_lucid_evo_ops,clk_alpha_pll_regs,clk_branch2_ops,clk_byte2_ops,clk_dp_ops,clk_lucid_evo_pll_configure,clk_pixel_ops,clk_rcg2_ops,clk_regmap_div_ops,clk_regmap_div_ro_ops,qcom_cc_map,qcom_cc_really_probe,qcom_cc_runtime_init,qcom_cc_runtime_resume,qcom_cc_runtime_suspend,qcom_cc_sync_state	DECLARED_HARD
dispcc-waipio.ko	clk-qcom.ko	16	clk_alpha_pll_lucid_evo_ops,clk_alpha_pll_regs,clk_branch2_ops,clk_byte2_ops,clk_dp_ops,clk_lucid_evo_pll_configure,clk_pixel_ops,clk_rcg2_ops,clk_regmap_div_ops,clk_regmap_div_ro_ops,qcom_cc_map,qcom_cc_really_probe,qcom_cc_runtime_init,qcom_cc_runtime_resume,qcom_cc_runtime_suspend,qcom_cc_sync_state	DECLARED_HARD
dmesg_dumper.ko	gh_rm_drv.ko	4	gh_rm_get_vmid,gh_rm_mem_reclaim,gh_rm_mem_share,gh_rm_register_notifier	DECLARED_HARD
dmesg_dumper.ko	secure_buffer.ko	1	hyp_assign_phys	DECLARED_HARD
dwc3-msm.ko	clk-qcom.ko	1	qcom_clk_set_flags	DECLARED_HARD
dwc3-msm.ko	if_cb_manager.ko	2	register_usb,usbpd_set_host_on	DECLARED_HARD
dwc3-msm.ko	qc_usb_audio.ko	1	qc_usb_audio_init	DECLARED_HARD
dwc3-msm.ko	qcom_ipc_logging.ko	3	ipc_log_context_create,ipc_log_context_destroy,ipc_log_string	DECLARED_HARD
dwc3-msm.ko	redriver.ko	9	usb_get_redriver_by_phandle,usb_put_redriver,usb_redriver_gadget_pullup_enter,usb_redriver_gadget_pullup_exit,usb_redriver_get_orientation,usb_redriver_host_powercycle,usb_redriver_notify_connect,usb_redriver_notify_disconnect,usb_redriver_release_lanes	DECLARED_HARD
dwc3-msm.ko	sec_class.ko	1	sec_device_create	DECLARED_HARD
dwc3-msm.ko	usb_f_ss_mon_gadget.ko	2	usb_reset_notify,vbus_session_notify	DECLARED_HARD
dwc3-msm.ko	usb_notify_layer.ko	2	enable_usb_notify,store_usblog_notify	DECLARED_HARD
dwc3-msm.ko	usb_typec_manager.ko	1	probe_typec_manager_gadget_ops	DECLARED_HARD
ep_pcie_drv.ko	clk-qcom.ko	1	qcom_clk_dump	DECLARED_HARD
ep_pcie_drv.ko	pci-edma.ko	2	edma_dump,qcom_edma_init	DECLARED_HARD
ep_pcie_drv.ko	qcom_ipc_logging.ko	3	ipc_log_context_create,ipc_log_context_destroy,ipc_log_string	DECLARED_HARD
eud.ko	qcom-scm.ko	2	qcom_scm_io_readl,qcom_scm_io_writel	DECLARED_HARD
f_fs_ipc_log.ko	dhd.ko	1	strlcpy	CANDIDATE_ONLY
f_fs_ipc_log.ko	qcom_ipc_logging.ko	3	ipc_log_context_create,ipc_log_context_destroy,ipc_log_string	DECLARED_HARD
fingerprint.ko	fingerprint_sysfs.ko	2	fingerprint_register,fingerprint_unregister	DECLARED_HARD
flicker_test.ko	leds-s2mpb02.ko	1	s2mpb02_led_en	DECLARED_HARD
frpc-adsprpc.ko	mem_buf_dev.ko	1	mem_buf_dma_buf_exclusive_owner	DECLARED_HARD
frpc-adsprpc.ko	minidump.ko	3	msm_minidump_add_region,msm_minidump_enabled,msm_minidump_remove_region	DECLARED_HARD
frpc-adsprpc.ko	pdr_interface.ko	2	pdr_add_lookup,pdr_handle_alloc	DECLARED_HARD
frpc-adsprpc.ko	qcom_ramdump.ko	2	dump_enabled,qcom_elf_dump	DECLARED_HARD
frpc-adsprpc.ko	rproc_qcom_common.ko	4	__traceiter_rproc_qcom_event,__tracepoint_rproc_qcom_event,qcom_register_ssr_notifier,qcom_unregister_ssr_notifier	DECLARED_HARD
frpc-adsprpc.ko	sec_debug.ko	1	sec_debug_level	DECLARED_HARD
frpc-adsprpc.ko	secure_buffer.ko	1	hyp_assign_phys	DECLARED_HARD
frpc-adsprpc.ko	socinfo.ko	1	socinfo_get_part_info	DECLARED_HARD
fsa4480-i2c.ko	qti-regmap-debugfs.ko	1	devm_regmap_qti_debugfs_register	DECLARED_HARD
fsa4480-i2c.ko	ucsi_glink.ko	2	register_ucsi_glink_notifier,unregister_ucsi_glink_notifier	DECLARED_HARD
gcc-diwali.ko	clk-qcom.ko	14	clk_alpha_pll_fixed_lucid_evo_ops,clk_alpha_pll_postdiv_lucid_evo_ops,clk_alpha_pll_regs,clk_branch2_aon_ops,clk_branch2_force_off_ops,clk_branch2_hw_ctl_ops,clk_branch2_ops,clk_rcg2_ops,clk_regmap_div_ro_ops,clk_regmap_mux_closest_ops,qcom_cc_map,qcom_cc_really_probe,qcom_cc_register_rcg_dfs,qcom_cc_sync_state	DECLARED_HARD
gcc-waipio.ko	clk-dummy.ko	1	clk_dummy_ops	DECLARED_HARD
gcc-waipio.ko	clk-qcom.ko	14	clk_alpha_pll_fixed_lucid_evo_ops,clk_alpha_pll_postdiv_lucid_evo_ops,clk_alpha_pll_regs,clk_branch2_aon_ops,clk_branch2_force_off_ops,clk_branch2_hw_ctl_ops,clk_branch2_ops,clk_rcg2_ops,clk_regmap_div_ro_ops,clk_regmap_mux_closest_ops,qcom_cc_map,qcom_cc_really_probe,qcom_cc_register_rcg_dfs,qcom_cc_sync_state	DECLARED_HARD
gdsc-regulator.ko	debug-regulator.ko	1	devm_regulator_debug_register	DECLARED_HARD
gdsc-regulator.ko	proxy-consumer.ko	2	devm_regulator_proxy_consumer_register,regulator_proxy_consumer_sync_state	DECLARED_HARD
gh_irq_lend.ko	gh_rm_drv.ko	13	gh_rm_get_vm_name,gh_rm_get_vmid,gh_rm_irq_to_virq,gh_rm_register_notifier,gh_rm_unregister_notifier,gh_rm_virq_to_irq,gh_rm_vm_irq_accept,gh_rm_vm_irq_accept_notify,gh_rm_vm_irq_lend,gh_rm_vm_irq_lend_notify,gh_rm_vm_irq_reclaim,gh_rm_vm_irq_release,gh_rm_vm_irq_release_notify	DECLARED_HARD
gh_mem_notifier.ko	gh_rm_drv.ko	2	gh_rm_register_notifier,gh_rm_unregister_notifier	DECLARED_HARD
gh_rm_drv.ko	gh_arm_drv.ko	5	gh_arch_validate_vm_exited_notif,gh_get_irq,gh_get_virq,gh_put_irq,gh_put_virq	DECLARED_HARD
gh_rm_drv.ko	gh_dbl.ko	2	gh_dbl_populate_cap_info,gh_dbl_reset_cap_info	DECLARED_HARD
gh_rm_drv.ko	gh_msgq.ko	7	gh_msgq_populate_cap_info,gh_msgq_probe,gh_msgq_recv,gh_msgq_register,gh_msgq_reset_cap_info,gh_msgq_send,gh_msgq_unregister	DECLARED_HARD
gh_virt_wdt.ko	qcom_wdt_core.ko	4	qcom_wdt_pet_resume,qcom_wdt_pet_suspend,qcom_wdt_register,qcom_wdt_remove	DECLARED_HARD
gh_virtio_backend.ko	dhd.ko	1	strlcpy	CANDIDATE_ONLY
gh_virtio_backend.ko	gh_rm_drv.ko	5	gh_rm_get_vmid,gh_rm_mem_reclaim,gh_rm_mem_share,gh_rm_set_virtio_mmio_cb,gh_rm_unset_virtio_mmio_cb	DECLARED_HARD
gh_virtio_backend.ko	secure_buffer.ko	1	hyp_assign_phys	DECLARED_HARD
glink_pkt.ko	dhd.ko	1	strlcpy	CANDIDATE_ONLY
glink_pkt.ko	qcom_ipc_logging.ko	2	ipc_log_context_create,ipc_log_string	DECLARED_HARD
glink_probe.ko	qcom_glink.ko	1	glink_native_pm_ops	DECLARED_HARD
glink_probe.ko	qcom_glink_smem.ko	2	qcom_glink_smem_register,qcom_glink_smem_unregister	DECLARED_HARD
glink_probe.ko	qcom_glink_spss.ko	2	qcom_glink_spss_register,qcom_glink_spss_unregister	DECLARED_HARD
glink_probe.ko	qcom_ipc_logging.ko	3	ipc_log_context_create,ipc_log_context_destroy,ipc_log_string	DECLARED_HARD
glink_probe.ko	rproc_qcom_common.ko	2	__traceiter_rproc_qcom_event,__tracepoint_rproc_qcom_event	DECLARED_HARD
gpi.ko	qcom_ipc_logging.ko	3	ipc_log_context_create,ipc_log_context_destroy,ipc_log_string	DECLARED_HARD
gplaf_scmi.ko	msm_performance.ko	1	cpucp_gplaf_init	DECLARED_HARD
gpucc-diwali.ko	clk-qcom.ko	10	clk_alpha_pll_lucid_evo_ops,clk_alpha_pll_regs,clk_branch2_aon_ops,clk_branch2_ops,clk_lucid_evo_pll_configure,clk_rcg2_ops,clk_regmap_div_ro_ops,qcom_cc_map,qcom_cc_really_probe,qcom_cc_sync_state	DECLARED_HARD
gpucc-waipio.ko	clk-qcom.ko	10	clk_alpha_pll_lucid_evo_ops,clk_alpha_pll_regs,clk_branch2_aon_ops,clk_branch2_ops,clk_lucid_evo_pll_configure,clk_rcg2_ops,clk_regmap_div_ro_ops,qcom_cc_map,qcom_cc_really_probe,qcom_cc_sync_state	DECLARED_HARD
guestvm_loader.ko	dhd.ko	1	strlcpy	CANDIDATE_ONLY
guestvm_loader.ko	gh_rm_drv.ko	8	gh_rm_get_vm_id_info,gh_rm_get_vmid,gh_rm_mem_lend,gh_rm_mem_reclaim,gh_rm_populate_hyp_res,gh_rm_register_notifier,gh_rm_vm_alloc_vmid,gh_rm_vm_start	DECLARED_HARD
guestvm_loader.ko	mdt_loader.ko	1	qcom_mdt_load	DECLARED_HARD
guestvm_loader.ko	qcom-scm.ko	2	qcom_scm_pas_auth_and_reset,qcom_scm_pas_shutdown	DECLARED_HARD
guestvm_loader.ko	secure_buffer.ko	1	hyp_assign_phys	DECLARED_HARD
hall_ic.ko	hall_ic_notifier.ko	1	hall_notifier_notify	DECLARED_HARD
hall_ic.ko	sec_class.ko	1	sec_device_create	DECLARED_HARD
hdcp.ko	qcom-scm.ko	1	qtee_shmbridge_free_shm	DECLARED_HARD
hdcp.ko	qseecom-mod.ko	3	qseecom_send_command,qseecom_shutdown_app,qseecom_start_app	DECLARED_HARD
hdcp.ko	smcinvoke_mod.ko	2	firmware_request_from_smcinvoke,get_client_env_object	DECLARED_HARD
hdm.ko	qcom-scm.ko	1	qtee_shmbridge_register	DECLARED_HARD
hdm.ko	sec_class.ko	1	sec_device_create	DECLARED_HARD
hdm.ko	secure_buffer.ko	1	hyp_assign_phys	DECLARED_HARD
heap_mem_ext_v01.ko	qmi_helpers.ko	1	qmi_response_type_v01_ei	DECLARED_HARD
hvc_gunyah.ko	gh_rm_drv.ko	8	gh_rm_console_close,gh_rm_console_flush,gh_rm_console_open,gh_rm_console_write,gh_rm_get_vm_name,gh_rm_get_vmid,gh_rm_register_notifier,gh_rm_unregister_notifier	DECLARED_HARD
hwkm.ko	tmecom-intf.ko	1	tme_hwkm_master_broadcast_transportkey	DECLARED_HARD
hyp_core_ctl.ko	gh_rm_drv.ko	7	gh_rm_get_vmid,gh_rm_register_notifier,gh_rm_reset_vcpu_affinity_cb,gh_rm_reset_vpm_grp_cb,gh_rm_set_vcpu_affinity_cb,gh_rm_set_vpm_grp_cb,gh_rm_unregister_notifier	DECLARED_HARD
hyp_core_ctl.ko	sched-walt.ko	2	walt_pause_cpus,walt_resume_cpus	DECLARED_HARD
hyp_core_ctl.ko	thermal_pause.ko	2	thermal_pause_notifier_register,thermal_paused_cpumask	DECLARED_HARD
i2c-gpio.ko	dhd.ko	1	strlcpy	CANDIDATE_ONLY
i2c-msm-geni.ko	dhd.ko	1	strlcpy	CANDIDATE_ONLY
i2c-msm-geni.ko	gpi.ko	1	gpi_dump_for_geni	DECLARED_HARD
i2c-msm-geni.ko	msm-geni-se.ko	26	geni_abort_m_cmd,geni_cancel_m_cmd,geni_read_reg,geni_read_reg_nolog,geni_se_dump_dbg_regs,geni_se_init,geni_se_iommu_map_buf,geni_se_iommu_unmap_buf,geni_se_resources_init,geni_se_rx_dma_prep,geni_se_rx_dma_unprep,geni_se_select_mode,geni_se_tx_dma_prep,geni_se_tx_dma_unprep,geni_setup_m_cmd,geni_write_reg,get_se_proto,get_tx_fifo_depth,se_config_packing,se_geni_clks_off,se_geni_clks_on,se_geni_resources_off,se_geni_resources_on,test_bus_enable_per_qupv3,test_bus_read_per_qupv3,test_bus_select_per_qupv3	DECLARED_HARD
i2c-msm-geni.ko	qcom_ipc_logging.ko	3	ipc_log_context_create,ipc_log_context_destroy,ipc_log_string	DECLARED_HARD
i3c-master-msm-geni.ko	msm-geni-se.ko	22	geni_abort_m_cmd,geni_cancel_m_cmd,geni_read_reg,geni_se_clk_freq_match,geni_se_dump_dbg_regs,geni_se_init,geni_se_qupv3_hw_version,geni_se_resources_init,geni_se_rx_dma_prep,geni_se_rx_dma_unprep,geni_se_select_mode,geni_se_tx_dma_prep,geni_se_tx_dma_unprep,geni_setup_m_cmd,geni_write_reg,get_se_m_fw,get_se_proto,get_se_s_fw,get_tx_fifo_depth,se_config_packing,se_geni_resources_off,se_geni_resources_on	DECLARED_HARD
i3c-master-msm-geni.ko	pinctrl-msm.ko	1	msm_qup_write	DECLARED_HARD
i3c-master-msm-geni.ko	qcom_ipc_logging.ko	3	ipc_log_context_create,ipc_log_context_destroy,ipc_log_string	DECLARED_HARD
icc-bcm-voter.ko	qcom_rpmh.ko	2	rpmh_invalidate,rpmh_write_batch	DECLARED_HARD
icc-rpmh.ko	cmd-db.ko	2	cmd_db_read_addr,cmd_db_read_aux_data	DECLARED_HARD
icc-rpmh.ko	icc-bcm-voter.ko	4	of_bcm_voter_get,qcom_icc_bcm_voter_add,qcom_icc_bcm_voter_clear_init,qcom_icc_bcm_voter_commit	DECLARED_HARD
icc-rpmh.ko	icc-debug.ko	2	qcom_icc_debug_register,qcom_icc_debug_unregister	DECLARED_HARD
icc-rpmh.ko	socinfo.ko	1	socinfo_get_part_info	DECLARED_HARD
icnss2.ko	dhd.ko	1	strlcpy	CANDIDATE_ONLY
icnss2.ko	pdr_interface.ko	4	pdr_add_lookup,pdr_handle_alloc,pdr_handle_release,pdr_restart_pd	DECLARED_HARD
icnss2.ko	qcom_ipc_logging.ko	3	ipc_log_context_create,ipc_log_context_destroy,ipc_log_string	DECLARED_HARD
icnss2.ko	qcom_ramdump.ko	2	dump_enabled,qcom_dump	DECLARED_HARD
icnss2.ko	qmi_helpers.ko	7	qmi_add_lookup,qmi_handle_init,qmi_handle_release,qmi_send_request,qmi_txn_cancel,qmi_txn_init,qmi_txn_wait	DECLARED_HARD
icnss2.ko	qti-adc-tm.ko	3	adc_tm_channel_measure,adc_tm_disable_chan_meas,get_adc_tm	DECLARED_HARD
icnss2.ko	rproc_qcom_common.ko	4	qcom_register_early_ssr_notifier,qcom_register_ssr_notifier,qcom_unregister_early_ssr_notifier,qcom_unregister_ssr_notifier	DECLARED_HARD
icnss2.ko	socinfo.ko	1	socinfo_get_serial_number	DECLARED_HARD
icnss2.ko	wlan_firmware_service.ko	66	dms_get_mac_address_req_msg_v01_ei,dms_get_mac_address_resp_msg_v01_ei,wlfw_athdiag_read_req_msg_v01_ei,wlfw_athdiag_read_resp_msg_v01_ei,wlfw_athdiag_write_req_msg_v01_ei,wlfw_athdiag_write_resp_msg_v01_ei,wlfw_bdf_download_req_msg_v01_ei,wlfw_bdf_download_resp_msg_v01_ei,wlfw_cal_done_ind_msg_v01_ei,wlfw_cal_report_req_msg_v01_ei,wlfw_cal_report_resp_msg_v01_ei,wlfw_cap_req_msg_v01_ei,wlfw_cap_resp_msg_v01_ei,wlfw_device_info_req_msg_v01_ei,wlfw_device_info_resp_msg_v01_ei,wlfw_dynamic_feature_mask_req_msg_v01_ei,wlfw_dynamic_feature_mask_resp_msg_v01_ei,wlfw_fw_init_done_ind_msg_v01_ei,wlfw_fw_ready_ind_msg_v01_ei,wlfw_get_info_req_msg_v01_ei,wlfw_get_info_resp_msg_v01_ei,wlfw_host_cap_req_msg_v01_ei,wlfw_host_cap_resp_msg_v01_ei,wlfw_ind_register_req_msg_v01_ei,wlfw_ind_register_resp_msg_v01_ei,wlfw_ini_req_msg_v01_ei,wlfw_ini_resp_msg_v01_ei,wlfw_m3_dump_upload_done_req_msg_v01_ei,wlfw_m3_dump_upload_done_resp_msg_v01_ei,wlfw_m3_dump_upload_segments_req_ind_msg_v01_ei,wlfw_mac_addr_req_msg_v01_ei,wlfw_mac_addr_resp_msg_v01_ei,wlfw_msa_info_req_msg_v01_ei,wlfw_msa_info_resp_msg_v01_ei,wlfw_msa_ready_ind_msg_v01_ei,wlfw_msa_ready_req_msg_v01_ei,wlfw_msa_ready_resp_msg_v01_ei,wlfw_pin_connect_result_ind_msg_v01_ei,wlfw_power_save_req_msg_v01_ei,wlfw_qdss_trace_config_download_req_msg_v01_ei,wlfw_qdss_trace_config_download_resp_msg_v01_ei,wlfw_qdss_trace_data_req_msg_v01_ei,wlfw_qdss_trace_data_resp_msg_v01_ei,wlfw_qdss_trace_free_ind_msg_v01_ei,wlfw_qdss_trace_mem_info_req_msg_v01_ei,wlfw_qdss_trace_mem_info_resp_msg_v01_ei,wlfw_qdss_trace_mode_req_msg_v01_ei,wlfw_qdss_trace_mode_resp_msg_v01_ei,wlfw_qdss_trace_req_mem_ind_msg_v01_ei,wlfw_qdss_trace_save_ind_msg_v01_ei,wlfw_rejuvenate_ack_req_msg_v01_ei,wlfw_rejuvenate_ack_resp_msg_v01_ei,wlfw_rejuvenate_ind_msg_v01_ei,wlfw_respond_get_info_ind_msg_v01_ei,wlfw_shutdown_req_msg_v01_ei,wlfw_shutdown_resp_msg_v01_ei,wlfw_soc_wake_req_msg_v01_ei,wlfw_soc_wake_resp_msg_v01_ei,wlfw_subsys_restart_level_req_msg_v01_ei,wlfw_subsys_restart_level_resp_msg_v01_ei,wlfw_vbatt_req_msg_v01_ei,wlfw_vbatt_resp_msg_v01_ei,wlfw_wlan_cfg_req_msg_v01_ei,wlfw_wlan_cfg_resp_msg_v01_ei,wlfw_wlan_mode_req_msg_v01_ei,wlfw_wlan_mode_resp_msg_v01_ei	DECLARED_HARD
input-cs40l26-i2c.ko	abc.ko	1	sec_abc_send_event	DECLARED_HARD
input-cs40l26-i2c.ko	cl_dsp.ko	13	cl_dsp_coeff_file_parse,cl_dsp_create,cl_dsp_destroy,cl_dsp_firmware_parse,cl_dsp_fw_id_get,cl_dsp_fw_rev_get,cl_dsp_get_reg,cl_dsp_memchunk_create,cl_dsp_memchunk_flush,cl_dsp_memchunk_read,cl_dsp_memchunk_write,cl_dsp_raw_write,cl_dsp_wavetable_create	DECLARED_HARD
input-cs40l26-i2c.ko	sec_vibrator_inputff_module.ko	5	sec_vib_inputff_get_ach_percent,sec_vib_inputff_get_current_temp,sec_vib_inputff_register,sec_vib_inputff_setbit,sec_vib_inputff_unregister	DECLARED_HARD
input_booster_lkm.ko	cpufreq_limit.ko	1	set_freq_limit	DECLARED_HARD
input_booster_lkm.ko	dhd.ko	1	strlcpy	CANDIDATE_ONLY
input_booster_lkm.ko	sched-walt.ko	4	hyst_add_request,hyst_remove_request,hyst_update_request,sched_set_boost	DECLARED_HARD
isg6320.ko	adsp_factory_module.ko	3	fcd_notifier_register,fcd_notifier_unregister,sensordump_notifier_register	DECLARED_HARD
isg6320.ko	hall_ic_notifier.ko	1	hall_notifier_register	DECLARED_HARD
isg6320.ko	sensors_core.ko	4	sensors_create_symlink,sensors_register,sensors_remove_symlink,sensors_unregister	DECLARED_HARD
isg6320.ko	usb_typec_manager.ko	1	manager_notifier_register	DECLARED_HARD
kperfmon.ko	dhd.ko	1	strlcpy	CANDIDATE_ONLY
leds-qti-tri-led.ko	pwm-qti-lpg.ko	2	qpnp_lpg_pwm_get_output_types_supported,qpnp_lpg_pwm_set_output_type	DECLARED_HARD
leds-s2mpb02.ko	mfd_s2mpb02.ko	3	s2mpb02_read_reg,s2mpb02_update_reg,s2mpb02_write_reg	DECLARED_HARD
lt9611uxc.ko	dhd.ko	1	strlcpy	CANDIDATE_ONLY
lvstest.ko	if_cb_manager.ko	2	register_lvs,usbpd_wait_entermode	DECLARED_HARD
mac80211.ko	cfg80211.ko	90	bridge_tunnel_header,cfg80211_abandon_assoc,cfg80211_assoc_timeout,cfg80211_auth_timeout,cfg80211_cac_event,cfg80211_calculate_bitrate,cfg80211_ch_switch_notify,cfg80211_ch_switch_started_notify,cfg80211_chandef_compatible,cfg80211_chandef_create,cfg80211_chandef_dfs_required,cfg80211_chandef_usable,cfg80211_chandef_valid,cfg80211_check_combinations,cfg80211_check_station_change,cfg80211_classify8021d,cfg80211_control_port_tx_status,cfg80211_cqm_beacon_loss_notify,cfg80211_cqm_pktloss_notify,cfg80211_cqm_rssi_notify,cfg80211_del_sta_sinfo,cfg80211_find_elem_match,cfg80211_free_nan_func,cfg80211_get_bss,cfg80211_get_drvinfo,cfg80211_get_p2p_attr,cfg80211_gtk_rekey_notify,cfg80211_ibss_joined,cfg80211_iftype_allowed,cfg80211_inform_bss_frame_data,cfg80211_is_element_inherited,cfg80211_iter_combinations,cfg80211_merge_profile,cfg80211_mgmt_tx_status,cfg80211_michael_mic_failure,cfg80211_nan_func_terminated,cfg80211_nan_match,cfg80211_new_sta,cfg80211_probe_status,cfg80211_put_bss,cfg80211_radar_event,cfg80211_ready_on_channel,cfg80211_ref_bss,cfg80211_reg_can_beacon,cfg80211_reg_can_beacon_relax,cfg80211_remain_on_channel_expired,cfg80211_report_obss_beacon_khz,cfg80211_report_wowlan_wakeup,cfg80211_rx_assoc_resp,cfg80211_rx_control_port,cfg80211_rx_mgmt_khz,cfg80211_rx_mlme_mgmt,cfg80211_rx_spurious_frame,cfg80211_rx_unexpected_4addr_frame,cfg80211_rx_unprot_mlme_mgmt,cfg80211_scan_done,cfg80211_sched_scan_results,cfg80211_sched_scan_stopped,cfg80211_sched_scan_stopped_rtnl,cfg80211_send_layer2_update,cfg80211_shutdown_all_interfaces,cfg80211_sinfo_alloc_tid_stats,cfg80211_sta_opmode_change_notify,cfg80211_stop_iface,cfg80211_tdls_oper_request,cfg80211_tx_mgmt_expired,cfg80211_tx_mlme_mgmt,cfg80211_unlink_bss,cfg80211_unregister_wdev,freq_reg_info,ieee80211_amsdu_to_8023s,ieee80211_bss_get_elem,ieee80211_chandef_to_operating_class,ieee80211_channel_to_freq_khz,ieee80211_data_to_8023_exthdr,ieee80211_freq_khz_to_channel,ieee80211_get_channel_khz,ieee80211_hdrlen,ieee80211_ie_split_ric,ieee80211_mandatory_rates,ieee80211_operating_class_to_band,ieee80211_radiotap_iterator_init,ieee80211_radiotap_iterator_next,ieee80211_s1g_channel_width,regulatory_pre_cac_allowed,rfc1042_header,wiphy_free,wiphy_new_nm,wiphy_register,wiphy_unregister	DECLARED_HARD
mac80211.ko	dhd.ko	1	strlcpy	CANDIDATE_ONLY
max77705-fuelgauge.ko	mfd_max77705.ko	5	max77705_bulk_read,max77705_bulk_write,max77705_read_word,max77705_update_reg,max77705_write_word	DECLARED_HARD
max77705-fuelgauge.ko	sec-battery.ko	1	sec_chg_set_dev_init	DECLARED_HARD
max77705_charger.ko	mfd_max77705.ko	3	max77705_read_reg,max77705_update_reg,max77705_write_reg	DECLARED_HARD
max77705_charger.ko	pdic_max77705.ko	4	max77705_get_fw_ship_mode,max77705_set_fw_noautoibus,max77705_set_fw_ship_mode,max77705_usbc_icurr	DECLARED_HARD
max77705_charger.ko	sec-battery.ko	3	_sec_vote,find_vote,sec_chg_set_dev_init	DECLARED_HARD
max77705_charger.ko	usb_notify_layer.ko	2	get_otg_notify,send_otg_notify	DECLARED_HARD
mdt_loader.ko	qcom-scm.ko	5	qcom_get_scm_device,qcom_scm_pas_init_image,qcom_scm_pas_mem_setup,qcom_scm_pas_shutdown,qcom_scm_pas_shutdown_retry	DECLARED_HARD
mem_buf.ko	dhd.ko	1	strlcpy	CANDIDATE_ONLY
mem_buf.ko	gh_msgq.ko	4	gh_msgq_recv,gh_msgq_register,gh_msgq_send,gh_msgq_unregister	DECLARED_HARD
mem_buf.ko	mem_buf_dev.ko	38	__traceiter_mem_buf_alloc_info,__traceiter_receive_alloc_req,__traceiter_receive_alloc_resp_msg,__traceiter_receive_relinquish_msg,__traceiter_receive_relinquish_resp_msg,__traceiter_send_alloc_req,__traceiter_send_alloc_resp_msg,__traceiter_send_relinquish_msg,__traceiter_send_relinquish_resp_msg,__tracepoint_mem_buf_alloc_info,__tracepoint_receive_alloc_req,__tracepoint_receive_alloc_resp_msg,__tracepoint_receive_relinquish_msg,__tracepoint_receive_relinquish_resp_msg,__tracepoint_send_alloc_req,__tracepoint_send_alloc_resp_msg,__tracepoint_send_relinquish_msg,__tracepoint_send_relinquish_resp_msg,dup_gh_sgl_desc_to_sgt,mem_buf_assign_mem,mem_buf_capability,mem_buf_check_vmids,mem_buf_dev,mem_buf_dma_buf_exclusive_owner,mem_buf_dma_buf_export,mem_buf_fd_to_vmid,mem_buf_gh_acl_desc_to_vmid_perm_list,mem_buf_lend,mem_buf_map_mem_s1,mem_buf_map_mem_s2,mem_buf_reclaim,mem_buf_share,mem_buf_unassign_mem,mem_buf_unmap_mem_s1,mem_buf_unmap_mem_s2,mem_buf_vmid_perm_list_to_gh_acl,mem_buf_vmperm_alloc_accept,to_mem_buf_vmperm	DECLARED_HARD
mem_buf.ko	qcom_dma_heaps.ko	3	carveout_heap_add_memory,carveout_heap_remove_memory,qcom_sg_buf_ops	DECLARED_HARD
mem_buf_dev.ko	gh_rm_drv.ko	6	gh_rm_mem_accept,gh_rm_mem_donate,gh_rm_mem_lend,gh_rm_mem_reclaim,gh_rm_mem_release,gh_rm_mem_share	DECLARED_HARD
mem_buf_dev.ko	secure_buffer.ko	1	hyp_assign_table	DECLARED_HARD
memlat.ko	qcom-dcvs.ko	10	__traceiter_memlat_dev_meas,__traceiter_memlat_dev_update,__traceiter_memlat_spm_update,__tracepoint_memlat_dev_meas,__tracepoint_memlat_dev_update,__tracepoint_memlat_spm_update,qcom_dcvs_get_ddr_child_node,qcom_dcvs_kobject_get,qcom_dcvs_register_voter,qcom_dcvs_update_votes	DECLARED_HARD
memlat.ko	qcom-pmu-lib.ko	4	qcom_get_cpucp_id,qcom_pmu_event_supported,qcom_pmu_idle_register,qcom_pmu_read_all_local	DECLARED_HARD
memory_dump_v2.ko	dhd.ko	1	strlcpy	CANDIDATE_ONLY
memory_dump_v2.ko	minidump.ko	1	msm_minidump_add_region	DECLARED_HARD
memory_dump_v2.ko	qcom-scm.ko	3	qcom_scm_assign_dump_table_region,qtee_shmbridge_deregister,qtee_shmbridge_register	DECLARED_HARD
memory_dump_v2.ko	sec_debug.ko	1	sec_debug_level	DECLARED_HARD
mfd_max77705.ko	abc.ko	1	sec_abc_send_event	DECLARED_HARD
mfd_max77705.ko	usb_notify_layer.ko	3	get_otg_notify,inc_hw_param,store_ccic_bin_version	DECLARED_HARD
mhi.ko	pci-msm-drv.ko	2	msm_pcie_allow_l1,msm_pcie_prevent_l1	DECLARED_HARD
mhi.ko	qcom_ipc_logging.ko	3	ipc_log_context_create,ipc_log_context_destroy,ipc_log_string	DECLARED_HARD
mhi_cntrl_qcom.ko	mhi.ko	26	__mhi_driver_register,mhi_alloc_controller,mhi_async_power_up,mhi_bdf_to_controller,mhi_controller_get_privdata,mhi_controller_set_base,mhi_controller_set_bw_scale_cb,mhi_controller_set_privdata,mhi_controller_set_sfr_support,mhi_controller_setup_timesync,mhi_driver_unregister,mhi_free_controller,mhi_get_free_desc_count,mhi_pm_fast_resume,mhi_pm_fast_suspend,mhi_pm_resume,mhi_pm_suspend,mhi_power_down,mhi_prepare_for_power_up,mhi_prepare_for_transfer,mhi_queue_buf,mhi_register_controller,mhi_report_error,mhi_unprepare_after_power_down,mhi_unprepare_from_transfer,mhi_unregister_controller	DECLARED_HARD
mhi_cntrl_qcom.ko	pci-msm-drv.ko	9	msm_pcie_allow_l1,msm_pcie_deregister_event,msm_pcie_l1ss_timeout_disable,msm_pcie_l1ss_timeout_enable,msm_pcie_pm_control,msm_pcie_prevent_l1,msm_pcie_register_event,msm_pcie_set_link_bandwidth,msm_pcie_set_target_link_speed	DECLARED_HARD
mhi_cntrl_qcom.ko	qcom_esoc.ko	4	devm_register_esoc_client,devm_unregister_esoc_client,esoc_register_client_hook,esoc_unregister_client_hook	DECLARED_HARD
mhi_cntrl_qcom.ko	qcom_ipc_logging.ko	2	ipc_log_context_create,ipc_log_string	DECLARED_HARD
mhi_dev_drv.ko	ep_pcie_drv.ko	13	ep_pcie_config_db_routing,ep_pcie_config_outbound_iatu,ep_pcie_configure_inactivity_timer,ep_pcie_core_l1ss_sleep_config_enable,ep_pcie_disable_endpoint,ep_pcie_enable_endpoint,ep_pcie_get_linkstatus,ep_pcie_get_msi_config,ep_pcie_get_phandle,ep_pcie_mask_irq_event,ep_pcie_register_event,ep_pcie_trigger_msi,ep_pcie_wakeup_host	DECLARED_HARD
mhi_dev_drv.ko	ipa_fmwk.ko	16	ipa_dma_async_memcpy,ipa_dma_destroy,ipa_dma_disable,ipa_dma_enable,ipa_dma_init,ipa_dma_sync_memcpy,ipa_get_ep_mapping,ipa_mhi_connect_pipe,ipa_mhi_destroy,ipa_mhi_disconnect_pipe,ipa_mhi_init,ipa_mhi_resume,ipa_mhi_start,ipa_mhi_suspend,ipa_mhi_update_mstate,ipa_register_ipa_ready_cb	DECLARED_HARD
mhi_dev_drv.ko	mhi_dev_net.ko	1	mhi_dev_net_interface_init	DECLARED_HARD
mhi_dev_drv.ko	qcom_ipc_logging.ko	2	ipc_log_context_create,ipc_log_string	DECLARED_HARD
mhi_dev_dtr.ko	mhi.ko	6	__mhi_driver_register,mhi_driver_unregister,mhi_get_device_for_channel,mhi_notify,mhi_prepare_for_transfer,mhi_queue_buf	DECLARED_HARD
mhi_dev_dtr.ko	qcom_ipc_logging.ko	2	ipc_log_context_create,ipc_log_string	DECLARED_HARD
mhi_dev_net.ko	qcom_ipc_logging.ko	2	ipc_log_context_create,ipc_log_string	DECLARED_HARD
mhi_dev_netdev.ko	dhd.ko	1	strlcpy	CANDIDATE_ONLY
mhi_dev_netdev.ko	mhi.ko	9	__mhi_driver_register,mhi_device_get,mhi_device_put,mhi_driver_unregister,mhi_get_free_desc_count,mhi_poll,mhi_prepare_for_transfer,mhi_queue_dma,mhi_queue_skb	DECLARED_HARD
mhi_dev_netdev.ko	qcom_ipc_logging.ko	2	ipc_log_context_create,ipc_log_string	DECLARED_HARD
mhi_dev_uci.ko	mhi.ko	6	__mhi_driver_register,mhi_driver_unregister,mhi_get_free_desc_count,mhi_prepare_for_transfer,mhi_queue_buf,mhi_unprepare_from_transfer	DECLARED_HARD
mhi_dev_uci.ko	mhi_dev_dtr.ko	1	mhi_device_ioctl	DECLARED_HARD
mhi_dev_uci.ko	qcom_ipc_logging.ko	2	ipc_log_context_create,ipc_log_string	DECLARED_HARD
microdump_collector.ko	qcom_ramdump.ko	1	qcom_dump	DECLARED_HARD
microdump_collector.ko	rproc_qcom_common.ko	2	qcom_register_ssr_notifier,qcom_unregister_ssr_notifier	DECLARED_HARD
microdump_collector.ko	smem.ko	1	qcom_smem_get	DECLARED_HARD
minidump.ko	dhd.ko	1	strlcpy	CANDIDATE_ONLY
minidump.ko	smem.ko	1	qcom_smem_get	DECLARED_HARD
msm-geni-se.ko	qcom_ipc_logging.ko	3	ipc_log_context_create,ipc_log_context_destroy,ipc_log_string	DECLARED_HARD
msm-mmrm.ko	clk-qcom.ko	1	qcom_clk_get_voltage	DECLARED_HARD
msm-mmrm.ko	dhd.ko	1	strlcpy	CANDIDATE_ONLY
msm_drm.ko	abc.ko	1	sec_abc_send_event	DECLARED_HARD
msm_drm.ko	dev_ril_bridge.ko	1	register_dev_ril_bridge_event_notifier	DECLARED_HARD
msm_drm.ko	dhd.ko	1	strlcpy	CANDIDATE_ONLY
msm_drm.ko	dwc3-msm.ko	1	dwc3_msm_set_dp_mode_for_ss	DECLARED_HARD
msm_drm.ko	gh_irq_lend.ko	7	gh_irq_accept,gh_irq_lend_notify,gh_irq_lend_v2,gh_irq_reclaim,gh_irq_release,gh_irq_release_notify,gh_irq_wait_for_lend_v2	DECLARED_HARD
msm_drm.ko	gh_mem_notifier.ko	2	gh_mem_notifier_register,gh_mem_notifier_unregister	DECLARED_HARD
msm_drm.ko	gh_msgq.ko	4	gh_msgq_recv,gh_msgq_register,gh_msgq_send,gh_msgq_unregister	DECLARED_HARD
msm_drm.ko	gh_rm_drv.ko	6	gh_rm_get_vmid,gh_rm_mem_accept,gh_rm_mem_lend,gh_rm_mem_notify,gh_rm_mem_reclaim,gh_rm_mem_release	DECLARED_HARD
msm_drm.ko	hdcp.ko	14	hdcp1_deinit,hdcp1_feature_supported,hdcp1_init,hdcp1_ops_notify,hdcp1_set_enc,hdcp1_start,hdcp1_stop,hdcp2_app_comm,hdcp2_close_stream,hdcp2_deinit,hdcp2_feature_supported,hdcp2_force_encryption,hdcp2_init,hdcp2_open_stream	DECLARED_HARD
msm_drm.ko	lcd.ko	1	lcd_device_register	DECLARED_HARD
msm_drm.ko	llcc-qcom.ko	6	llcc_get_slice_id,llcc_get_slice_size,llcc_slice_activate,llcc_slice_deactivate,llcc_slice_getd,llcc_slice_putd	DECLARED_HARD
msm_drm.ko	msm-mmrm.ko	3	mmrm_client_deregister,mmrm_client_register,mmrm_client_set_value	DECLARED_HARD
msm_drm.ko	msm_dma_iommu_mapping.ko	1	msm_dma_unmap_all_for_dev	DECLARED_HARD
msm_drm.ko	msm_ext_display.ko	2	msm_ext_disp_deregister_intf,msm_ext_disp_register_intf	DECLARED_HARD
msm_drm.ko	panel_event_notifier.ko	1	panel_event_notification_trigger	DECLARED_HARD
msm_drm.ko	pinctrl-msm.ko	1	msm_gpio_get_pin_address	DECLARED_HARD
msm_drm.ko	qcom-scm.ko	4	qcom_scm_mem_protect_sd_ctrl,qtee_shmbridge_allocate_shm,qtee_shmbridge_free_shm,qtee_shmbridge_is_enabled	DECLARED_HARD
msm_drm.ko	qcom_iommu_util.ko	1	qcom_iommu_sid_switch	DECLARED_HARD
msm_drm.ko	qcom_ipc_logging.ko	3	ipc_log_context_create,ipc_log_context_destroy,ipc_log_string	DECLARED_HARD
msm_drm.ko	qcom_rpmh.ko	3	rpmh_invalidate,rpmh_mode_solver_set,rpmh_write_sleep_and_wake	DECLARED_HARD
msm_drm.ko	sec_debug.ko	1	sec_debug_is_enabled	DECLARED_HARD
msm_drm.ko	sec_input_notifier.ko	1	sec_input_register_notify	DECLARED_HARD
msm_drm.ko	sec_panel_notifier.ko	1	ss_panel_notifier_call_chain	DECLARED_HARD
msm_drm.ko	sec_param.ko	2	sec_param_get,sec_param_set	DECLARED_HARD
msm_drm.ko	sec_qc_dbg_partition.ko	2	sec_qc_dbg_part_read,sec_qc_dbg_part_write	DECLARED_HARD
msm_drm.ko	spmi-pmic-arb.ko	1	spmi_pmic_arb_map_address	DECLARED_HARD
msm_drm.ko	switch_class.ko	3	switch_dev_register,switch_dev_unregister,switch_set_state	DECLARED_HARD
msm_drm.ko	usb_typec_manager.ko	1	manager_notifier_register	DECLARED_HARD
msm_geni_serial.ko	msm-geni-se.ko	32	geni_abort_m_cmd,geni_abort_s_cmd,geni_cancel_m_cmd,geni_cancel_s_cmd,geni_read_reg,geni_read_reg_nolog,geni_se_clk_freq_match,geni_se_dump_dbg_regs,geni_se_init,geni_se_iommu_alloc_buf,geni_se_iommu_free_buf,geni_se_qupv3_hw_version,geni_se_resources_init,geni_se_rx_dma_start,geni_se_select_mode,geni_se_tx_dma_prep,geni_se_tx_dma_unprep,geni_setup_m_cmd,geni_setup_s_cmd,geni_write_reg,geni_write_reg_nolog,get_rx_fifo_depth,get_se_m_fw,get_se_proto,get_se_s_fw,get_tx_fifo_depth,get_tx_fifo_width,se_geni_clks_off,se_geni_clks_on,se_geni_resources_off,se_geni_resources_on,se_get_packing_config	DECLARED_HARD
msm_geni_serial.ko	qcom_ipc_logging.ko	2	ipc_log_context_create,ipc_log_string	DECLARED_HARD
msm_kgsl.ko	abc.ko	1	sec_abc_send_event	DECLARED_HARD
msm_kgsl.ko	clk-qcom.ko	2	qcom_clk_dump,qcom_clk_set_flags	DECLARED_HARD
msm_kgsl.ko	cmd-db.ko	2	cmd_db_read_addr,cmd_db_read_aux_data	DECLARED_HARD
msm_kgsl.ko	dhd.ko	1	strlcpy	CANDIDATE_ONLY
msm_kgsl.ko	llcc-qcom.ko	5	llcc_get_slice_id,llcc_slice_activate,llcc_slice_deactivate,llcc_slice_getd,llcc_slice_putd	DECLARED_HARD
msm_kgsl.ko	mdt_loader.ko	2	qcom_mdt_get_size,qcom_mdt_load	DECLARED_HARD
msm_kgsl.ko	mem_buf_dev.ko	2	mem_buf_dma_buf_copy_vmperm,mem_buf_dma_buf_exclusive_owner	DECLARED_HARD
msm_kgsl.ko	minidump.ko	3	msm_minidump_add_region,msm_minidump_enabled,msm_minidump_remove_region	DECLARED_HARD
msm_kgsl.ko	msm_performance.ko	1	msm_perf_events_update	DECLARED_HARD
msm_kgsl.ko	qcom-dcvs.ko	4	qcom_dcvs_hw_minmax_get,qcom_dcvs_register_voter,qcom_dcvs_unregister_voter,qcom_dcvs_update_votes	DECLARED_HARD
msm_kgsl.ko	qcom-scm.ko	17	qcom_scm_dcvs_ca_available,qcom_scm_dcvs_core_available,qcom_scm_dcvs_init_ca_v2,qcom_scm_dcvs_init_v2,qcom_scm_dcvs_reset,qcom_scm_dcvs_update,qcom_scm_dcvs_update_ca_v2,qcom_scm_dcvs_update_v2,qcom_scm_io_reset,qcom_scm_kgsl_set_smmu_aperture,qcom_scm_kgsl_set_smmu_lpac_aperture,qcom_scm_pas_auth_and_reset,qcom_scm_pas_shutdown_retry,qcom_scm_set_remote_state,qtee_shmbridge_allocate_shm,qtee_shmbridge_free_shm,qtee_shmbridge_is_enabled	DECLARED_HARD
msm_kgsl.ko	qcom_iommu_util.ko	3	qcom_alloc_io_pgtable_ops,qcom_free_io_pgtable_ops,qcom_iommu_get_asid_nr	DECLARED_HARD
msm_kgsl.ko	secure_buffer.ko	1	hyp_assign_table	DECLARED_HARD
msm_memshare.ko	heap_mem_ext_v01.ko	6	mem_alloc_generic_req_msg_data_v01_ei,mem_alloc_generic_resp_msg_data_v01_ei,mem_free_generic_req_msg_data_v01_ei,mem_free_generic_resp_msg_data_v01_ei,mem_query_size_req_msg_data_v01_ei,mem_query_size_resp_msg_data_v01_ei	DECLARED_HARD
msm_memshare.ko	qmi_helpers.ko	4	qmi_add_server,qmi_handle_init,qmi_handle_release,qmi_send_response	DECLARED_HARD
msm_memshare.ko	secure_buffer.ko	1	hyp_assign_phys	DECLARED_HARD
msm_performance.ko	qcom-pmu-lib.ko	2	qcom_pmu_event_supported,qcom_pmu_read	DECLARED_HARD
msm_performance.ko	sched-walt.ko	2	core_ctl_notifier_register,core_ctl_notifier_unregister	DECLARED_HARD
msm_qmp.ko	qcom_aoss.ko	2	qmp_get,qmp_send	DECLARED_HARD
msm_qmp.ko	qcom_ipc_logging.ko	2	ipc_log_context_create,ipc_log_string	DECLARED_HARD
msm_qmp.ko	smem.ko	1	qcom_smem_get	DECLARED_HARD
msm_sharedmem.ko	secure_buffer.ko	1	hyp_assign_phys	DECLARED_HARD
msm_sysstats.ko	dhd.ko	1	strlcpy	CANDIDATE_ONLY
msm_sysstats.ko	msm_kgsl.ko	1	kgsl_get_stats	DECLARED_HARD
mstdrv.ko	qseecom-mod.ko	3	qseecom_send_command,qseecom_shutdown_app,qseecom_start_app	DECLARED_HARD
nb7vpq904m.ko	redriver.ko	2	usb_add_redriver,usb_remove_redriver	DECLARED_HARD
p9320_charger.ko	sb-mfc.ko	1	sb_mfc_check_chip_id	DECLARED_HARD
p9320_charger.ko	sec-battery.ko	4	sb_rx_type_str,sb_rx_vout_str,sb_vout_ctr_mode_str,sec_chg_set_dev_init	DECLARED_HARD
p9320_charger.ko	spu_verify.ko	1	spu_firmware_signature_verify	DECLARED_HARD
pca9468_charger.ko	sec-battery.ko	1	sec_chg_set_dev_init	DECLARED_HARD
pca9468_charger.ko	sec_pd.ko	2	sec_pd_get_apdo_max_power,sec_pd_select_pps	DECLARED_HARD
pca9481_charger.ko	sec-battery.ko	1	sec_chg_set_dev_init	DECLARED_HARD
pca9481_charger.ko	sec_pd.ko	2	sec_pd_get_apdo_max_power,sec_pd_select_pps	DECLARED_HARD
pci-edma.ko	qcom_ipc_logging.ko	2	ipc_log_context_create,ipc_log_string	DECLARED_HARD
pci-msm-drv.ko	clk-qcom.ko	1	qcom_clk_dump	DECLARED_HARD
pci-msm-drv.ko	qcom_ipc_logging.ko	2	ipc_log_context_create,ipc_log_string	DECLARED_HARD
pci-msm-drv.ko	rproc_qcom_common.ko	3	qcom_register_early_ssr_notifier,qcom_register_ssr_notifier,qcom_unregister_ssr_notifier	DECLARED_HARD
pci-msm-drv.ko	sec_class.ko	1	sec_device_create	DECLARED_HARD
pci-msm-drv.ko	sec_debug.ko	1	sec_debug_is_enabled	DECLARED_HARD
pci-msm-drv.ko	sec_qc_user_reset.ko	2	sec_qc_ap_health_data_read,sec_qc_ap_health_data_write	DECLARED_HARD
pdic_max77705.ko	abc.ko	1	sec_abc_send_event	DECLARED_HARD
pdic_max77705.ko	common_muic.ko	8	get_afc_mode,get_switch_sel,muic_afc_request_cause_clear,muic_notifier_attach_attached_dev,muic_notifier_detach_attached_dev,muic_pdata,muic_send_dock_intent,switch_device	DECLARED_HARD
pdic_max77705.ko	dhd.ko	1	strlcpy	CANDIDATE_ONLY
pdic_max77705.ko	dwc3-msm.ko	1	dwc3_restart_usb_host_mode	DECLARED_HARD
pdic_max77705.ko	if_cb_manager.ko	3	register_muic,register_usbpd,usb_set_vbus_current	DECLARED_HARD
pdic_max77705.ko	mfd_max77705.ko	9	BOOT_FLASH_FW_PASS2,max77705_bulk_read,max77705_bulk_write,max77705_read_reg,max77705_register_pdmsg_func,max77705_usbc_fw_setting,max77705_usbc_fw_update,max77705_write_reg,max77705_write_reg_nolock	DECLARED_HARD
pdic_max77705.ko	pdic_notifier_module.ko	16	get_checksum,get_data_size,is_lpcharge_pdic_param,pdic_core_register_chip,pdic_core_unregister_chip,pdic_event_dest_string,pdic_event_id_string,pdic_misc_exit,pdic_misc_init,pdic_notifier_notify,pdic_register_switch_device,pdic_send_dock_intent,pdic_send_dock_uevent,pdic_usbstatus_string,set_endian,set_uvdmset_count	DECLARED_HARD
pdic_max77705.ko	spu_verify.ko	1	spu_firmware_signature_verify	DECLARED_HARD
pdic_max77705.ko	usb_notify_layer.ko	9	get_notify_data,get_otg_notify,inc_hw_param,is_blocked,send_otg_notify,store_ccic_version,store_usblog_notify,usb_external_notify_register,usb_external_notify_unregister	DECLARED_HARD
pdic_max77705.ko	usb_typec_manager.ko	2	manager_notifier_register,manager_notifier_unregister	DECLARED_HARD
pdic_max77705.ko	vbus_notifier.ko	1	vbus_notifier_handle	DECLARED_HARD
pdic_notifier_module.ko	sec_class.ko	1	sec_device_create	DECLARED_HARD
pdic_notifier_module.ko	switch_class.ko	3	switch_dev_register,switch_dev_unregister,switch_set_state	DECLARED_HARD
pdic_notifier_module.ko	usb_notify_layer.ko	1	store_usblog_notify	DECLARED_HARD
pdr_interface.ko	qmi_helpers.ko	8	qmi_add_lookup,qmi_handle_init,qmi_handle_release,qmi_response_type_v01_ei,qmi_send_request,qmi_txn_cancel,qmi_txn_init,qmi_txn_wait	DECLARED_HARD
pdr_interface.ko	rproc_qcom_common.ko	1	qcom_device_shutdown_in_progress	DECLARED_HARD
phy-msm-snps-eusb2.ko	qcom-scm.ko	1	qcom_scm_io_writel	DECLARED_HARD
phy-msm-snps-eusb2.ko	repeater.ko	1	devm_usb_get_repeater_by_phandle	DECLARED_HARD
phy-msm-snps-eusb2.ko	usb_f_ss_mon_gadget.ko	1	make_suspend_current_event	DECLARED_HARD
phy-msm-snps-hs.ko	qcom-scm.ko	1	qcom_scm_io_writel	DECLARED_HARD
phy-msm-snps-hs.ko	usb_f_ss_mon_gadget.ko	1	make_suspend_current_event	DECLARED_HARD
phy-qcom-ufs-qmp-14nm.ko	dhd.ko	1	strlcpy	CANDIDATE_ONLY
phy-qcom-ufs-qmp-14nm.ko	phy-qcom-ufs.ko	7	get_ufs_qcom_phy,ufs_qcom_phy_calibrate,ufs_qcom_phy_generic_probe,ufs_qcom_phy_init_clks,ufs_qcom_phy_init_vregulators,ufs_qcom_phy_power_off,ufs_qcom_phy_power_on	DECLARED_HARD
phy-qcom-ufs-qmp-v3.ko	dhd.ko	1	strlcpy	CANDIDATE_ONLY
phy-qcom-ufs-qmp-v3.ko	phy-qcom-ufs.ko	9	get_ufs_qcom_phy,ufs_qcom_phy_dump_regs,ufs_qcom_phy_generic_probe,ufs_qcom_phy_get_reset,ufs_qcom_phy_init_clks,ufs_qcom_phy_init_vregulators,ufs_qcom_phy_power_off,ufs_qcom_phy_power_on,ufs_qcom_phy_write_tbl	DECLARED_HARD
phy-qcom-ufs-qmp-v4-anarok.ko	dhd.ko	1	strlcpy	CANDIDATE_ONLY
phy-qcom-ufs-qmp-v4-anarok.ko	phy-qcom-ufs.ko	9	get_ufs_qcom_phy,ufs_qcom_phy_dump_regs,ufs_qcom_phy_generic_probe,ufs_qcom_phy_get_reset,ufs_qcom_phy_init_clks,ufs_qcom_phy_init_vregulators,ufs_qcom_phy_power_off,ufs_qcom_phy_power_on,ufs_qcom_phy_write_tbl	DECLARED_HARD
phy-qcom-ufs-qmp-v4-cape.ko	dhd.ko	1	strlcpy	CANDIDATE_ONLY
phy-qcom-ufs-qmp-v4-cape.ko	phy-qcom-ufs.ko	9	get_ufs_qcom_phy,ufs_qcom_phy_dump_regs,ufs_qcom_phy_generic_probe,ufs_qcom_phy_get_reset,ufs_qcom_phy_init_clks,ufs_qcom_phy_init_vregulators,ufs_qcom_phy_power_off,ufs_qcom_phy_power_on,ufs_qcom_phy_write_tbl	DECLARED_HARD
phy-qcom-ufs-qmp-v4-diwali.ko	dhd.ko	1	strlcpy	CANDIDATE_ONLY
phy-qcom-ufs-qmp-v4-diwali.ko	phy-qcom-ufs.ko	9	get_ufs_qcom_phy,ufs_qcom_phy_dump_regs,ufs_qcom_phy_generic_probe,ufs_qcom_phy_get_reset,ufs_qcom_phy_init_clks,ufs_qcom_phy_init_vregulators,ufs_qcom_phy_power_off,ufs_qcom_phy_power_on,ufs_qcom_phy_write_tbl	DECLARED_HARD
phy-qcom-ufs-qmp-v4-lahaina.ko	dhd.ko	1	strlcpy	CANDIDATE_ONLY
phy-qcom-ufs-qmp-v4-lahaina.ko	phy-qcom-ufs.ko	9	get_ufs_qcom_phy,ufs_qcom_phy_dump_regs,ufs_qcom_phy_generic_probe,ufs_qcom_phy_get_reset,ufs_qcom_phy_init_clks,ufs_qcom_phy_init_vregulators,ufs_qcom_phy_power_off,ufs_qcom_phy_power_on,ufs_qcom_phy_write_tbl	DECLARED_HARD
phy-qcom-ufs-qmp-v4-parrot.ko	dhd.ko	1	strlcpy	CANDIDATE_ONLY
phy-qcom-ufs-qmp-v4-parrot.ko	phy-qcom-ufs.ko	9	get_ufs_qcom_phy,ufs_qcom_phy_dump_regs,ufs_qcom_phy_generic_probe,ufs_qcom_phy_get_reset,ufs_qcom_phy_init_clks,ufs_qcom_phy_init_vregulators,ufs_qcom_phy_power_off,ufs_qcom_phy_power_on,ufs_qcom_phy_write_tbl	DECLARED_HARD
phy-qcom-ufs-qmp-v4-waipio.ko	dhd.ko	1	strlcpy	CANDIDATE_ONLY
phy-qcom-ufs-qmp-v4-waipio.ko	phy-qcom-ufs.ko	9	get_ufs_qcom_phy,ufs_qcom_phy_dump_regs,ufs_qcom_phy_generic_probe,ufs_qcom_phy_get_reset,ufs_qcom_phy_init_clks,ufs_qcom_phy_init_vregulators,ufs_qcom_phy_power_off,ufs_qcom_phy_power_on,ufs_qcom_phy_write_tbl	DECLARED_HARD
pinctrl-cape.ko	pinctrl-msm.ko	2	msm_pinctrl_probe,msm_pinctrl_remove	DECLARED_HARD
pinctrl-diwali.ko	pinctrl-msm.ko	2	msm_pinctrl_probe,msm_pinctrl_remove	DECLARED_HARD
pinctrl-msm.ko	qcom-scm.ko	2	qcom_scm_io_readl,qcom_scm_io_writel	DECLARED_HARD
pinctrl-waipio.ko	pinctrl-msm.ko	2	msm_pinctrl_probe,msm_pinctrl_remove	DECLARED_HARD
plh_scmi.ko	msm_performance.ko	1	cpucp_plh_init	DECLARED_HARD
pmic-pon-log.ko	qcom_ipc_logging.ko	3	ipc_log_context_create,ipc_log_context_destroy,ipc_log_string	DECLARED_HARD
pmic_glink.ko	pdr_interface.ko	3	pdr_add_lookup,pdr_handle_alloc,pdr_handle_release	DECLARED_HARD
pmic_glink.ko	rproc_qcom_common.ko	4	__traceiter_rproc_qcom_event,__tracepoint_rproc_qcom_event,qcom_register_ssr_notifier,qcom_unregister_ssr_notifier	DECLARED_HARD
pmu_scmi.ko	qcom-pmu-lib.ko	1	rimps_pmu_init	DECLARED_HARD
pwm-qti-lpg.ko	qpnp-pbs.ko	1	qpnp_pbs_trigger_event	DECLARED_HARD
qc_usb_audio.ko	usb_notify_layer.ko	2	send_usb_audio_uevent,set_usb_audio_cardnum	DECLARED_HARD
qce50.ko	sps_drv.ko	13	sps_alloc_endpoint,sps_bam_disable_irqs,sps_bam_enable_irqs,sps_connect,sps_deregister_bam_device,sps_disconnect,sps_free_endpoint,sps_get_config,sps_pipe_reset,sps_register_bam_device,sps_register_event,sps_transfer,sps_transfer_one	DECLARED_HARD
qcedev-mod.ko	mem_buf_dev.ko	1	mem_buf_dma_buf_exclusive_owner	DECLARED_HARD
qcedev-mod.ko	qce50.ko	10	qce_ablk_cipher_req,qce_close,qce_disable_clk,qce_enable_clk,qce_get_crypto_status,qce_hw_support,qce_manage_timeout,qce_open,qce_process_sha_req,qce_set_irqs	DECLARED_HARD
qcom-cpufreq-hw.ko	sec_pm_log.ko	1	ss_thermal_print	DECLARED_HARD
qcom-dcvs.ko	dcvs_fp.ko	1	setup_ddrllcc_fp_device	DECLARED_HARD
qcom-dload-mode.ko	minidump.ko	1	msm_minidump_enabled	DECLARED_HARD
qcom-dload-mode.ko	qcom-scm.ko	2	qcom_scm_disable_sdi,qcom_scm_set_download_mode	DECLARED_HARD
qcom-hv-haptics.ko	qpnp-pbs.ko	1	qpnp_pbs_trigger_single_event	DECLARED_HARD
qcom-hv-haptics.ko	qti_battery_charger_main.ko	2	register_hboost_event_notifier,unregister_hboost_event_notifier	DECLARED_HARD
qcom-i2c-pmic.ko	qti-regmap-debugfs.ko	1	devm_regmap_qti_debugfs_register	DECLARED_HARD
qcom-pdc.ko	qcom-scm.ko	2	qcom_scm_io_readl,qcom_scm_io_writel	DECLARED_HARD
qcom-pdc.ko	qcom_ipc_logging.ko	2	ipc_log_context_create,ipc_log_string	DECLARED_HARD
qcom-pmu-lib.ko	qcom_llcc_pmu.ko	1	qcom_llcc_pmu_hw_type	DECLARED_HARD
qcom-pon.ko	reboot-mode.ko	1	devm_reboot_mode_register	DECLARED_HARD
qcom-spmi-adc5.ko	qcom-vadc-common.ko	1	qcom_adc5_hw_scale	DECLARED_HARD
qcom-spmi-pmic.ko	qti-regmap-debugfs.ko	1	devm_regmap_qti_debugfs_register	DECLARED_HARD
qcom-spmi-pmic.ko	regmap-spmi.ko	1	__devm_regmap_init_spmi_ext	DECLARED_HARD
qcom_aoss.ko	qcom_ipc_logging.ko	2	ipc_log_context_create,ipc_log_string	DECLARED_HARD
qcom_cpuss_sleep_stats.ko	dhd.ko	1	strlcpy	CANDIDATE_ONLY
qcom_cpuss_sleep_stats.ko	qcom-scm.ko	2	qcom_scm_io_readl,qcom_scm_io_writel	DECLARED_HARD
qcom_dma_heaps.ko	mem_buf_dev.ko	10	mem_buf_dma_buf_export,mem_buf_lend,mem_buf_vmperm_alloc,mem_buf_vmperm_alloc_staticvm,mem_buf_vmperm_can_cmo,mem_buf_vmperm_can_mmap,mem_buf_vmperm_can_vmap,mem_buf_vmperm_pin,mem_buf_vmperm_release,mem_buf_vmperm_unpin	DECLARED_HARD
qcom_dma_heaps.ko	msm_dma_iommu_mapping.ko	3	msm_dma_buf_freed,msm_dma_map_sg_attrs,msm_dma_unmap_sg_attrs	DECLARED_HARD
qcom_dma_heaps.ko	secure_buffer.ko	3	hyp_assign_phys,hyp_assign_table,msm_secure_get_vmid_perms	DECLARED_HARD
qcom_esoc.ko	qcom_ipc_logging.ko	3	ipc_log_context_create,ipc_log_context_destroy,ipc_log_string	DECLARED_HARD
qcom_esoc.ko	qcom_sysmon.ko	4	qcom_add_sysmon_subdev,qcom_remove_sysmon_subdev,qcom_sysmon_get_reason,qcom_sysmon_shutdown_acked	DECLARED_HARD
qcom_glink.ko	dhd.ko	1	strlcpy	CANDIDATE_ONLY
qcom_glink.ko	qcom_ipc_logging.ko	2	ipc_log_context_create,ipc_log_string	DECLARED_HARD
qcom_glink_smem.ko	qcom_glink.ko	4	qcom_glink_native_probe,qcom_glink_native_remove,qcom_glink_native_start,qcom_glink_native_unregister	DECLARED_HARD
qcom_glink_smem.ko	smem.ko	2	qcom_smem_alloc,qcom_smem_get	DECLARED_HARD
qcom_glink_spss.ko	qcom_glink.ko	4	qcom_glink_native_probe,qcom_glink_native_remove,qcom_glink_native_start,qcom_glink_native_unregister	DECLARED_HARD
qcom_glink_spss.ko	smem.ko	3	qcom_smem_alloc,qcom_smem_get,qcom_smem_virt_to_phys	DECLARED_HARD
qcom_iommu_debug.ko	qcom_iommu_util.ko	1	qcom_iommu_iova_to_phys_hard	DECLARED_HARD
qcom_ipc_logging.ko	dhd.ko	1	strlcpy	CANDIDATE_ONLY
qcom_ipc_logging.ko	minidump.ko	2	msm_minidump_add_region,msm_minidump_enabled	DECLARED_HARD
qcom_ipc_logging.ko	sec_debug.ko	1	sec_debug_is_enabled	DECLARED_HARD
qcom_lpm.ko	sched-walt.ko	1	sched_lpm_disallowed_time	DECLARED_HARD
qcom_pm8008-regulator.ko	debug-regulator.ko	1	devm_regulator_debug_register	DECLARED_HARD
qcom_q6v5.ko	adsp_factory_module.ko	1	ssr_reason_call_back	DECLARED_HARD
qcom_q6v5.ko	qcom_sysmon.ko	1	qcom_sysmon_shutdown_acked	DECLARED_HARD
qcom_q6v5.ko	rproc_qcom_common.ko	3	__traceiter_rproc_qcom_event,__tracepoint_rproc_qcom_event,qcom_notify_early_ssr_clients	DECLARED_HARD
qcom_q6v5.ko	smem.ko	1	qcom_smem_get	DECLARED_HARD
qcom_q6v5_pas.ko	hdm.ko	1	hdm_cp_support	DECLARED_HARD
qcom_q6v5_pas.ko	mdt_loader.ko	2	qcom_mdt_free_metadata,qcom_mdt_load_no_free	DECLARED_HARD
qcom_q6v5_pas.ko	qcom-scm.ko	4	qcom_scm_is_available,qcom_scm_pas_auth_and_reset,qcom_scm_pas_shutdown,qcom_scm_pas_shutdown_retry	DECLARED_HARD
qcom_q6v5_pas.ko	qcom_aoss.ko	2	qmp_get,qmp_send	DECLARED_HARD
qcom_q6v5_pas.ko	qcom_pil_info.ko	2	qcom_pil_info_store,qcom_pil_timeouts_disabled	DECLARED_HARD
qcom_q6v5_pas.ko	qcom_q6v5.ko	7	qcom_q6v5_init,qcom_q6v5_panic,qcom_q6v5_prepare,qcom_q6v5_register_ssr_subdev,qcom_q6v5_request_stop,qcom_q6v5_unprepare,qcom_q6v5_wait_for_start	DECLARED_HARD
qcom_q6v5_pas.ko	qcom_ramdump.ko	2	qcom_create_ramdump_device,qcom_destroy_ramdump_device	DECLARED_HARD
qcom_q6v5_pas.ko	qcom_sysmon.ko	4	qcom_add_sysmon_subdev,qcom_remove_sysmon_subdev,qcom_sysmon_get_txn_id,qcom_sysmon_register_ssr_subdev	DECLARED_HARD
qcom_q6v5_pas.ko	rproc_qcom_common.ko	9	__traceiter_rproc_qcom_event,__tracepoint_rproc_qcom_event,qcom_add_glink_subdev,qcom_add_smd_subdev,qcom_add_ssr_subdev,qcom_minidump,qcom_remove_glink_subdev,qcom_remove_smd_subdev,qcom_remove_ssr_subdev	DECLARED_HARD
qcom_rpmh.ko	cmd-db.ko	2	cmd_db_is_standalone,cmd_db_ready	DECLARED_HARD
qcom_rpmh.ko	qcom_ipc_logging.ko	2	ipc_log_context_create,ipc_log_string	DECLARED_HARD
qcom_smd.ko	smem.ko	2	qcom_smem_get,qcom_smem_get_free_space	DECLARED_HARD
qcom_soc_wdt.ko	qcom_wdt_core.ko	4	qcom_wdt_pet_resume,qcom_wdt_pet_suspend,qcom_wdt_register,qcom_wdt_remove	DECLARED_HARD
qcom_spss.ko	mdt_loader.ko	1	qcom_mdt_load	DECLARED_HARD
qcom_spss.ko	qcom-scm.ko	3	qcom_scm_is_available,qcom_scm_pas_auth_and_reset,qcom_scm_pas_shutdown	DECLARED_HARD
qcom_spss.ko	qcom_glink.ko	1	qcom_glink_ssr_notify	DECLARED_HARD
qcom_spss.ko	qcom_glink_spss.ko	2	qcom_glink_spss_register,qcom_glink_spss_unregister	DECLARED_HARD
qcom_spss.ko	qcom_sysmon.ko	2	qcom_add_sysmon_subdev,qcom_remove_sysmon_subdev	DECLARED_HARD
qcom_spss.ko	rproc_qcom_common.ko	3	qcom_add_ssr_subdev,qcom_register_dump_segments,qcom_remove_ssr_subdev	DECLARED_HARD
qcom_sync_file.ko	dhd.ko	1	strlcpy	CANDIDATE_ONLY
qcom_sysmon.ko	dhd.ko	1	strlcpy	CANDIDATE_ONLY
qcom_sysmon.ko	qmi_helpers.ko	8	qmi_add_lookup,qmi_handle_init,qmi_handle_release,qmi_response_type_v01_ei,qmi_send_request,qmi_txn_cancel,qmi_txn_init,qmi_txn_wait	DECLARED_HARD
qcom_sysmon.ko	rproc_qcom_common.ko	4	__traceiter_rproc_qcom_event,__tracepoint_rproc_qcom_event,qcom_device_shutdown_in_progress,qcom_notify_early_ssr_clients	DECLARED_HARD
qcom_tsens.ko	qcom_ipc_logging.ko	2	ipc_log_context_create,ipc_log_string	DECLARED_HARD
qcom_wdt_core.ko	dhd.ko	1	strlcpy	CANDIDATE_ONLY
qcom_wdt_core.ko	minidump.ko	1	msm_minidump_add_region	DECLARED_HARD
qcom_wdt_core.ko	qcom-scm.ko	1	qcom_scm_sec_wdog_deactivate	DECLARED_HARD
qdss_bridge.ko	mhi.ko	6	__mhi_driver_register,mhi_driver_unregister,mhi_get_free_desc_count,mhi_prepare_for_transfer,mhi_queue_buf,mhi_unprepare_from_transfer	DECLARED_HARD
qdss_bridge.ko	usb_f_qdss.ko	5	usb_qdss_alloc_req,usb_qdss_close,usb_qdss_free_req,usb_qdss_open,usb_qdss_write	DECLARED_HARD
qnoc-diwali.ko	icc-rpmh.ko	3	qcom_icc_rpmh_probe,qcom_icc_rpmh_remove,qcom_icc_rpmh_sync_state	DECLARED_HARD
qnoc-diwali.ko	qnoc-qos.ko	2	icc_qnoc_qos_regs,qcom_qnoc4_ops	DECLARED_HARD
qnoc-parrot.ko	icc-rpmh.ko	3	qcom_icc_rpmh_probe,qcom_icc_rpmh_remove,qcom_icc_rpmh_sync_state	DECLARED_HARD
qnoc-parrot.ko	qnoc-qos.ko	2	icc_qnoc_qos_regs,qcom_qnoc4_ops	DECLARED_HARD
qnoc-waipio.ko	icc-rpmh.ko	3	qcom_icc_rpmh_probe,qcom_icc_rpmh_remove,qcom_icc_rpmh_sync_state	DECLARED_HARD
qnoc-waipio.ko	qnoc-qos.ko	2	icc_qnoc_qos_regs,qcom_qnoc4_ops	DECLARED_HARD
qpnp-amoled-regulator.ko	debug-regulator.ko	1	devm_regulator_debug_register	DECLARED_HARD
qrtr-gunyah.ko	gh_dbl.ko	5	gh_dbl_rx_register,gh_dbl_rx_unregister,gh_dbl_send,gh_dbl_tx_register,gh_dbl_tx_unregister	DECLARED_HARD
qrtr-gunyah.ko	gh_rm_drv.ko	4	gh_rm_get_vmid,gh_rm_mem_reclaim,gh_rm_mem_share,gh_rm_register_notifier	DECLARED_HARD
qrtr-gunyah.ko	qrtr.ko	4	qrtr_endpoint_post,qrtr_endpoint_register,qrtr_endpoint_unregister,qrtr_peek_pkt_size	DECLARED_HARD
qrtr-gunyah.ko	secure_buffer.ko	1	hyp_assign_phys	DECLARED_HARD
qrtr-mhi.ko	mhi.ko	5	__mhi_driver_register,mhi_driver_unregister,mhi_prepare_for_transfer,mhi_queue_skb,mhi_unprepare_from_transfer	DECLARED_HARD
qrtr-mhi.ko	qrtr.ko	3	qrtr_endpoint_post,qrtr_endpoint_register,qrtr_endpoint_unregister	DECLARED_HARD
qrtr-smd.ko	qcom_glink.ko	1	qcom_glink_is_wakeup	DECLARED_HARD
qrtr-smd.ko	qrtr.ko	4	qrtr_endpoint_post,qrtr_endpoint_register,qrtr_endpoint_unregister,qrtr_print_wakeup_reason	DECLARED_HARD
qrtr.ko	qcom_ipc_logging.ko	2	ipc_log_context_create,ipc_log_string	DECLARED_HARD
qsee_ipc_irq_bridge.ko	qcom_ipc_logging.ko	3	ipc_log_context_create,ipc_log_context_destroy,ipc_log_string	DECLARED_HARD
qsee_ipc_irq_bridge.ko	rproc_qcom_common.ko	4	__traceiter_rproc_qcom_event,__tracepoint_rproc_qcom_event,qcom_register_ssr_notifier,qcom_unregister_ssr_notifier	DECLARED_HARD
qseecom-mod.ko	dhd.ko	1	strlcpy	CANDIDATE_ONLY
qseecom-mod.ko	mem_buf_dev.ko	3	mem_buf_dma_buf_copy_vmperm,mem_buf_dma_buf_exclusive_owner,mem_buf_dma_buf_set_destructor	DECLARED_HARD
qseecom-mod.ko	qcom-scm.ko	8	qcom_scm_qseecom_call,qtee_shmbridge_allocate_shm,qtee_shmbridge_deregister,qtee_shmbridge_flush_shm_buf,qtee_shmbridge_free_shm,qtee_shmbridge_is_enabled,qtee_shmbridge_query,qtee_shmbridge_register	DECLARED_HARD
qti-adc-tm.ko	sec_ext_tm.ko	2	sec_convert_adc_to_temp,sec_get_thr_voltage	DECLARED_HARD
qti-fixed-regulator.ko	debug-regulator.ko	1	devm_regulator_debug_register	DECLARED_HARD
qti-fixed-regulator.ko	proxy-consumer.ko	2	devm_regulator_proxy_consumer_register,regulator_proxy_consumer_sync_state	DECLARED_HARD
qti_amoled_ecm.ko	hwmon.ko	1	devm_hwmon_device_register_with_groups	DECLARED_HARD
qti_amoled_ecm.ko	panel_event_notifier.ko	2	panel_event_notifier_register,panel_event_notifier_unregister	DECLARED_HARD
qti_battery_charger_main.ko	panel_event_notifier.ko	2	panel_event_notifier_register,panel_event_notifier_unregister	DECLARED_HARD
qti_battery_charger_main.ko	pmic_glink.ko	3	pmic_glink_register_client,pmic_glink_unregister_client,pmic_glink_write	DECLARED_HARD
qti_battery_debug.ko	pmic_glink.ko	3	pmic_glink_register_client,pmic_glink_unregister_client,pmic_glink_write	DECLARED_HARD
qti_qmi_cdev.ko	dhd.ko	1	strlcpy	CANDIDATE_ONLY
qti_qmi_cdev.ko	qmi_helpers.ko	8	qmi_add_lookup,qmi_handle_init,qmi_handle_release,qmi_response_type_v01_ei,qmi_send_request,qmi_txn_cancel,qmi_txn_init,qmi_txn_wait	DECLARED_HARD
qti_qmi_sensor_v2.ko	dhd.ko	1	strlcpy	CANDIDATE_ONLY
qti_qmi_sensor_v2.ko	qmi_helpers.ko	8	qmi_add_lookup,qmi_handle_init,qmi_handle_release,qmi_response_type_v01_ei,qmi_send_request,qmi_txn_cancel,qmi_txn_init,qmi_txn_wait	DECLARED_HARD
qti_userspace_cdev.ko	dhd.ko	1	strlcpy	CANDIDATE_ONLY
rdbg.ko	smem.ko	1	qcom_smem_get	DECLARED_HARD
repeater-i2c-eusb2.ko	qti-regmap-debugfs.ko	1	devm_regmap_qti_debugfs_register	DECLARED_HARD
repeater-i2c-eusb2.ko	repeater.ko	2	usb_add_repeater_dev,usb_remove_repeater_dev	DECLARED_HARD
rimps_log.ko	qcom_ipc_logging.ko	2	ipc_log_context_create,ipc_log_string	DECLARED_HARD
rpmh-regulator.ko	cmd-db.ko	3	cmd_db_read_addr,cmd_db_read_aux_data,cmd_db_read_slave_id	DECLARED_HARD
rpmh-regulator.ko	debug-regulator.ko	1	devm_regulator_debug_register	DECLARED_HARD
rpmh-regulator.ko	proxy-consumer.ko	2	devm_regulator_proxy_consumer_register,regulator_proxy_consumer_sync_state	DECLARED_HARD
rpmh-regulator.ko	qcom_ipc_logging.ko	3	ipc_log_context_create,ipc_log_context_destroy,ipc_log_string	DECLARED_HARD
rpmh-regulator.ko	qcom_rpmh.ko	2	rpmh_write,rpmh_write_async	DECLARED_HARD
rproc_qcom_common.ko	qcom_glink.ko	2	qcom_glink_early_ssr_notify,qcom_glink_ssr_notify	DECLARED_HARD
rproc_qcom_common.ko	qcom_glink_smem.ko	3	qcom_glink_smem_register,qcom_glink_smem_start,qcom_glink_smem_unregister	DECLARED_HARD
rproc_qcom_common.ko	qcom_smd.ko	2	qcom_smd_register_edge,qcom_smd_unregister_edge	DECLARED_HARD
rproc_qcom_common.ko	smem.ko	1	qcom_smem_get	DECLARED_HARD
s2dos05-regulator.ko	abc.ko	1	sec_abc_send_event	DECLARED_HARD
s2dos05-regulator.ko	debug-regulator.ko	1	devm_regulator_debug_register	DECLARED_HARD
s2dos05-regulator.ko	pmic_class.ko	2	pmic_device_create,pmic_device_destroy	DECLARED_HARD
s2dos05-regulator.ko	sec_class.ko	2	sec_device_create,sec_device_destroy	DECLARED_HARD
s2miw04_charger.ko	sb-mfc.ko	1	sb_mfc_check_chip_id	DECLARED_HARD
s2miw04_charger.ko	sec-battery.ko	4	sb_rx_type_str,sb_rx_vout_str,sb_vout_ctr_mode_str,sec_chg_set_dev_init	DECLARED_HARD
s2miw04_charger.ko	spu_verify.ko	1	spu_firmware_signature_verify	DECLARED_HARD
s2mpb02-regulator.ko	debug-regulator.ko	1	devm_regulator_debug_register	DECLARED_HARD
s2mpb02-regulator.ko	mfd_s2mpb02.ko	3	s2mpb02_read_reg,s2mpb02_update_reg,s2mpb02_write_reg	DECLARED_HARD
s2mpb02-regulator.ko	pmic_class.ko	2	pmic_device_create,pmic_device_destroy	DECLARED_HARD
sb-core.ko	sec_class.ko	1	sec_device_create	DECLARED_HARD
sb-mfc.ko	max77705_charger.ko	1	max77705_charger_probed	DECLARED_HARD
sched-walt.ko	dhd.ko	1	strlcpy	CANDIDATE_ONLY
sched-walt.ko	qcom-cpufreq-hw.ko	1	qcom_cpufreq_get_cpu_cycle_counter	DECLARED_HARD
sdhci-msm-sec.ko	clk-qcom.ko	1	qcom_clk_set_flags	DECLARED_HARD
sdhci-msm-sec.ko	cqhci.ko	4	cqhci_deactivate,cqhci_init,cqhci_irq,cqhci_pltfm_init	DECLARED_HARD
sdhci-msm-sec.ko	crypto-qti-common.ko	1	crypto_qti_disable	DECLARED_HARD
sdhci-msm-sec.ko	dhd.ko	1	strlcpy	CANDIDATE_ONLY
sdhci-msm-sec.ko	hwkm.ko	1	qti_hwkm_ice_init_sequence	DECLARED_HARD
sdhci-msm-sec.ko	qcom-scm.ko	7	qcom_scm_config_set_ice_key,qcom_scm_ice_available,qcom_scm_ice_invalidate_key,qtee_shmbridge_allocate_shm,qtee_shmbridge_flush_shm_buf,qtee_shmbridge_free_shm,qtee_shmbridge_inv_shm_buf	DECLARED_HARD
sdhci-msm-sec.ko	qcom_ipc_logging.ko	2	ipc_log_context_create,ipc_log_string	DECLARED_HARD
sdhci-msm-sec.ko	sec_class.ko	1	sec_device_create	DECLARED_HARD
sec-battery.ko	abc.ko	1	sec_abc_send_event	DECLARED_HARD
sec-battery.ko	common_muic.ko	4	get_afc_mode,muic_afc_request_voltage,muic_hv_charger_init,muic_set_hiccup_mode	DECLARED_HARD
sec-battery.ko	sb-core.ko	3	sb_notify_register,sb_sysfs_add_attrs,sb_sysfs_create_attrs	DECLARED_HARD
sec-battery.ko	sec_pd.ko	15	sec_pd_change_src,sec_pd_get_apdo_prog_volt,sec_pd_get_current_pdo,sec_pd_get_max_power,sec_pd_get_pdo_power,sec_pd_get_selected_pdo,sec_pd_get_vid_pid,sec_pd_init_data,sec_pd_is_apdo,sec_pd_manual_ccopen_req,sec_pd_pdo_type_str,sec_pd_register_chg_info_cb,sec_pd_select_pdo,sec_pd_select_pps,sec_pd_vpdo_auth	DECLARED_HARD
sec-battery.ko	sec_qc_hw_param.ko	1	battery_last_dcvs	DECLARED_HARD
sec-battery.ko	usb_typec_manager.ko	2	get_usb_enumeration_state,manager_notifier_register	DECLARED_HARD
sec-direct-charger.ko	sb-core.ko	4	sb_notify_call,sb_notify_register,sb_sysfs_add_attrs,sb_sysfs_get_pdata	DECLARED_HARD
sec-direct-charger.ko	sec-battery.ko	4	_sec_vote,find_vote,sec_chg_set_dev_init,store_battery_log	DECLARED_HARD
sec-pinmux.ko	pinctrl-msm.ko	3	get_msm_gpio_chip_base,msm_gp_get_all,sec_gpiochip_line_is_valid	DECLARED_HARD
sec_abc_detect_conn.ko	abc.ko	2	sec_abc_get_enabled,sec_abc_send_event	DECLARED_HARD
sec_abc_detect_conn.ko	sec_class.ko	2	sec_device_create,sec_device_destroy	DECLARED_HARD
sec_ap_pmic.ko	pinctrl-spmi-gpio.ko	1	pmic_gpio_sec_dbg_enabled	DECLARED_HARD
sec_ap_pmic.ko	pm8941-pwrkey.ko	3	sec_get_pm_key_wk_init,sec_get_s2_reset,sec_set_pm_key_wk_init	DECLARED_HARD
sec_ap_pmic.ko	sec-pinmux.ko	1	msm_gpio_print_enabled	DECLARED_HARD
sec_ap_pmic.ko	sec_class.ko	2	sec_device_create,sec_device_destroy	DECLARED_HARD
sec_ap_pmic.ko	sec_crashkey_long.ko	2	sec_crashkey_long_connect_to_input_evnet,sec_crashkey_long_disconnect_from_input_event	DECLARED_HARD
sec_ap_pmic.ko	sys_pm_vx.ko	1	vx_debug_enable	DECLARED_HARD
sec_argos.ko	cpufreq_limit.ko	1	set_freq_limit	DECLARED_HARD
sec_arm64_ap_context.ko	sec_debug_region.ko	2	sec_dbg_region_alloc,sec_dbg_region_free	DECLARED_HARD
sec_arm64_fsimd_debug.ko	sec_debug.ko	1	sec_debug_level	DECLARED_HARD
sec_boot_stat.ko	dhd.ko	1	strlcpy	CANDIDATE_ONLY
sec_boot_stat.ko	sec_class.ko	2	sec_device_create,sec_device_destroy	DECLARED_HARD
sec_cmd.ko	sec_class.ko	2	sec_device_create,sec_device_destroy	DECLARED_HARD
sec_cmd.ko	sec_tsp_log.ko	1	sec_debug_tsp_command_history	DECLARED_HARD
sec_common_fn.ko	sec_tsp_log.ko	1	sec_debug_tsp_log_msg	DECLARED_HARD
sec_common_fn.ko	usb_typec_manager.ko	2	manager_notifier_register,manager_notifier_unregister	DECLARED_HARD
sec_common_fn.ko	vbus_notifier.ko	2	vbus_notifier_register,vbus_notifier_unregister	DECLARED_HARD
sec_crashkey.ko	sec_debug.ko	1	sec_debug_level	DECLARED_HARD
sec_crashkey.ko	sec_key_notifier.ko	2	sec_kn_register_notifier,sec_kn_unregister_notifier	DECLARED_HARD
sec_crashkey_long.ko	sec_debug.ko	1	sec_debug_is_enabled	DECLARED_HARD
sec_crashkey_long.ko	sec_key_notifier.ko	2	sec_kn_register_notifier,sec_kn_unregister_notifier	DECLARED_HARD
sec_log_buf.ko	dhd.ko	1	strlcpy	CANDIDATE_ONLY
sec_pmsg.ko	sec_boot_stat.ko	1	sec_boot_stat_add	DECLARED_HARD
sec_pmsg.ko	sec_debug.ko	1	sec_debug_level	DECLARED_HARD
sec_pon_alarm.ko	dhd.ko	1	strlcpy	CANDIDATE_ONLY
sec_pon_alarm.ko	rtc-pm8xxx.ko	1	pmic_rtc_setalarm	DECLARED_HARD
sec_pon_alarm.ko	sec_param.ko	1	sec_param_set	DECLARED_HARD
sec_qc_debug.ko	dhd.ko	1	strlcpy	CANDIDATE_ONLY
sec_qc_debug.ko	qcom-scm.ko	2	qcom_scm_is_secure_wdog_trigger_available,qcom_scm_sec_wdog_trigger	DECLARED_HARD
sec_qc_debug.ko	qcom_wdt_core.ko	1	qcom_wdt_trigger_bite	DECLARED_HARD
sec_qc_debug.ko	sec_boot_stat.ko	2	sec_boot_stat_register_soc_ops,sec_boot_stat_unregister_soc_ops	DECLARED_HARD
sec_qc_debug.ko	sec_debug.ko	1	sec_debug_is_enabled	DECLARED_HARD
sec_qc_debug.ko	sec_log_buf.ko	2	sec_log_buf_get_buf_size,sec_log_buf_get_header	DECLARED_HARD
sec_qc_debug.ko	sec_param.ko	2	sec_param_get,sec_param_set	DECLARED_HARD
sec_qc_debug.ko	sec_qc_dbg_partition.ko	2	sec_qc_dbg_part_read,sec_qc_dbg_part_write	DECLARED_HARD
sec_qc_hw_param.ko	sec_class.ko	2	sec_device_create,sec_device_destroy	DECLARED_HARD
sec_qc_hw_param.ko	sec_qc_dbg_partition.ko	2	sec_qc_dbg_part_get_size,sec_qc_dbg_part_read	DECLARED_HARD
sec_qc_hw_param.ko	sec_qc_smem.ko	19	sec_qc_smem_lpddr_get_DSF_version,sec_qc_smem_lpddr_get_dq_dcc_abs,sec_qc_smem_lpddr_get_dqs_dcc_adj,sec_qc_smem_lpddr_get_rcw_tDQSCK,sec_qc_smem_lpddr_get_rd_best_vref,sec_qc_smem_lpddr_get_rd_min_eye_height,sec_qc_smem_lpddr_get_rd_pr_width,sec_qc_smem_lpddr_get_revision_id1,sec_qc_smem_lpddr_get_revision_id2,sec_qc_smem_lpddr_get_small_eye_detected,sec_qc_smem_lpddr_get_total_density,sec_qc_smem_lpddr_get_vendor_name,sec_qc_smem_lpddr_get_wr_best_vref,sec_qc_smem_lpddr_get_wr_coarseCDC,sec_qc_smem_lpddr_get_wr_fineCDC,sec_qc_smem_lpddr_get_wr_min_eye_height,sec_qc_smem_lpddr_get_wr_pr_width,sec_qc_smem_lpddr_get_wr_vmax_to_vmid,sec_qc_smem_lpddr_get_wr_vmid_to_vmin	DECLARED_HARD
sec_qc_hw_param.ko	sec_qc_upload_cause.ko	1	sec_qc_upldc_type_to_cause	DECLARED_HARD
sec_qc_hw_param.ko	sec_qc_user_reset.ko	5	sec_qc_ap_health_data_read,sec_qc_ap_health_data_write,sec_qc_get_reset_write_cnt,sec_qc_reset_reason_get,sec_qc_reset_reason_to_str	DECLARED_HARD
sec_qc_hw_param.ko	socinfo.ko	1	socinfo_get_id	DECLARED_HARD
sec_qc_logger.ko	sec_debug_region.ko	2	sec_dbg_region_alloc,sec_dbg_region_free	DECLARED_HARD
sec_qc_param.ko	sec_class.ko	2	sec_device_create,sec_device_destroy	DECLARED_HARD
sec_qc_param.ko	sec_param.ko	2	sec_param_register_operations,sec_param_unregister_operations	DECLARED_HARD
sec_qc_qcom_reboot_reason.ko	qcom-dload-mode.ko	1	qcom_set_dload_mode	DECLARED_HARD
sec_qc_qcom_reboot_reason.ko	sec_qc_rbcmd.ko	4	sec_qc_rbcmd_register_pon_rr_writer,sec_qc_rbcmd_register_sec_rr_writer,sec_qc_rbcmd_unregister_pon_rr_writer,sec_qc_rbcmd_unregister_sec_rr_writer	DECLARED_HARD
sec_qc_qcom_wdt_core.ko	qcom_wdt_core.ko	3	qcom_wdt_bark_register_notifier,qcom_wdt_bark_unregister_notifier,qcom_wdt_trigger_bite	DECLARED_HARD
sec_qc_qcom_wdt_core.ko	sec_qc_rbcmd.ko	1	sec_qc_rbcmd_set_restart_reason	DECLARED_HARD
sec_qc_qcom_wdt_core.ko	sec_qc_upload_cause.ko	1	sec_qc_upldc_write_cause	DECLARED_HARD
sec_qc_rbcmd.ko	sec_reboot_cmd.ko	4	sec_rbcmd_add_cmd,sec_rbcmd_del_cmd,sec_rbcmd_set_default_cmd,sec_rbcmd_unset_default_cmd	DECLARED_HARD
sec_qc_rdx_bootdev.ko	sec_debug.ko	1	sec_debug_is_enabled	DECLARED_HARD
sec_qc_rst_exinfo.ko	sec_log_buf.ko	1	sec_log_buf_get_header	DECLARED_HARD
sec_qc_smem.ko	qcom-cpufreq-hw.ko	2	qcom_cpufreq_hw_target_index_register_notifier,qcom_cpufreq_hw_target_index_unregister_notifier	DECLARED_HARD
sec_qc_smem.ko	sec_qc_user_reset.ko	1	sec_qc_ap_health_data_read	DECLARED_HARD
sec_qc_smem.ko	smem.ko	1	qcom_smem_get	DECLARED_HARD
sec_qc_soc_id.ko	sec_class.ko	2	sec_device_create,sec_device_destroy	DECLARED_HARD
sec_qc_summary.ko	dhd.ko	1	strlcpy	CANDIDATE_ONLY
sec_qc_summary.ko	memory_dump_v2.ko	1	sec_qc_summary_set_msm_memdump_info	DECLARED_HARD
sec_qc_summary.ko	qcom_wdt_core.ko	2	qcom_wdt_pet_register_notifier,qcom_wdt_pet_unregister_notifier	DECLARED_HARD
sec_qc_summary.ko	sched-walt.ko	1	sec_qc_summary_set_sched_walt_info	DECLARED_HARD
sec_qc_summary.ko	sec_debug.ko	2	sec_debug_get_dump_sink_phys,sec_debug_is_enabled	DECLARED_HARD
sec_qc_summary.ko	sec_debug_region.ko	1	sec_dbg_region_find	DECLARED_HARD
sec_qc_summary.ko	smem.ko	3	qcom_smem_alloc,qcom_smem_get,qcom_smem_virt_to_phys	DECLARED_HARD
sec_qc_upload_cause.ko	dhd.ko	1	strlcpy	CANDIDATE_ONLY
sec_qc_upload_cause.ko	sec_crashkey_long.ko	2	sec_crashkey_long_add_preparing_panic,sec_crashkey_long_del_preparing_panic	DECLARED_HARD
sec_qc_upload_cause.ko	sec_upload_cause.ko	5	sec_upldc_add_cause,sec_upldc_del_cause,sec_upldc_set_default_cause,sec_upldc_type_to_cause,sec_upldc_unset_default_cause	DECLARED_HARD
sec_qc_user_reset.ko	dhd.ko	1	strlcpy	CANDIDATE_ONLY
sec_qc_user_reset.ko	kryo_arm64_edac.ko	2	qcom_kryo_arm64_edac_error_register_notifier,qcom_kryo_arm64_edac_error_unregister_notifier	DECLARED_HARD
sec_qc_user_reset.ko	sec_class.ko	2	sec_device_create,sec_device_destroy	DECLARED_HARD
sec_qc_user_reset.ko	sec_param.ko	2	sec_param_get,sec_param_set	DECLARED_HARD
sec_qc_user_reset.ko	sec_qc_dbg_partition.ko	3	sec_qc_dbg_part_get_size,sec_qc_dbg_part_read,sec_qc_dbg_part_write	DECLARED_HARD
sec_qc_user_reset.ko	sec_qc_summary.ko	1	sec_qc_summary_get_modem	DECLARED_HARD
sec_reboot_cmd.ko	dhd.ko	1	strlcpy	CANDIDATE_ONLY
sec_secure_touch.ko	sec_class.ko	2	sec_device_create,sec_device_destroy	DECLARED_HARD
sec_sysup.ko	sec_class.ko	1	sec_device_create	DECLARED_HARD
sec_sysup.ko	sec_param.ko	1	sec_param_set	DECLARED_HARD
sec_tclm_v2.ko	sec_tsp_log.ko	1	sec_debug_tsp_log_msg	DECLARED_HARD
sec_thermistor.ko	dhd.ko	1	strlcpy	CANDIDATE_ONLY
sec_thermistor.ko	hwmon.ko	1	devm_hwmon_device_register_with_groups	DECLARED_HARD
sec_thermistor.ko	sec_class.ko	2	sec_device_create,sec_device_destroy	DECLARED_HARD
sec_tsp_dumpkey.ko	sec_common_fn.ko	1	ptsp	DECLARED_HARD
sec_upload_cause.ko	dhd.ko	1	strlcpy	CANDIDATE_ONLY
sec_vibrator_inputff_module.ko	abc.ko	1	sec_abc_send_event	DECLARED_HARD
sec_vibrator_inputff_module.ko	usb_notify_layer.ko	1	store_usblog_notify	DECLARED_HARD
secure_buffer.ko	qcom-scm.ko	1	qcom_scm_assign_mem_regions	DECLARED_HARD
sensors_ssc.ko	adsp_factory_module.ko	2	ssc_set_fw_idx,ssr_reason_call_back	DECLARED_HARD
shared_rail_scmi.ko	msm_performance.ko	1	cpucp_scmi_shared_rail_boost_init	DECLARED_HARD
slim-qcom-ngd-ctrl.ko	pdr_interface.ko	3	pdr_add_lookup,pdr_handle_alloc,pdr_handle_release	DECLARED_HARD
slim-qcom-ngd-ctrl.ko	qcom_ipc_logging.ko	3	ipc_log_context_create,ipc_log_context_destroy,ipc_log_string	DECLARED_HARD
slim-qcom-ngd-ctrl.ko	qmi_helpers.ko	8	qmi_add_lookup,qmi_handle_init,qmi_handle_release,qmi_response_type_v01_ei,qmi_send_request,qmi_txn_cancel,qmi_txn_init,qmi_txn_wait	DECLARED_HARD
slim-qcom-ngd-ctrl.ko	rproc_qcom_common.ko	4	__traceiter_rproc_qcom_event,__tracepoint_rproc_qcom_event,qcom_register_ssr_notifier,qcom_unregister_ssr_notifier	DECLARED_HARD
slim-qcom-ngd-ctrl.ko	slimbus.ko	8	of_slim_get_device,slim_alloc_txn_tid,slim_free_txn_tid,slim_get_logical_addr,slim_msg_response,slim_register_controller,slim_report_absent,slim_unregister_controller	DECLARED_HARD
slsi_ts.ko	sec_cmd.ko	7	sec_cmd_exit,sec_cmd_init,sec_cmd_send_event_to_user,sec_cmd_set_cmd_exit,sec_cmd_set_cmd_result,sec_cmd_set_cmd_result_all,sec_cmd_set_default_result	DECLARED_HARD
slsi_ts.ko	sec_common_fn.ko	25	ptsp,sec_delay,sec_input_check_cover_type,sec_input_check_wirelesscharger_mode,sec_input_clear_common_hw_param,sec_input_coord_event_fill_slot,sec_input_coord_event_sync_slot,sec_input_device_register,sec_input_gesture_report,sec_input_get_common_hw_param,sec_input_get_fod_info,sec_input_handler_start,sec_input_parse_dt,sec_input_pinctrl_configure,sec_input_power,sec_input_print_info,sec_input_proximity_report,sec_input_release_all_finger,sec_input_set_fod_info,sec_input_set_fod_rect,sec_input_set_grip_type,sec_input_set_temperature,sec_input_sysfs_create,sec_input_sysfs_remove,sec_tclm_parse_dt	DECLARED_HARD
slsi_ts.ko	sec_input_notifier.ko	3	sec_input_notify,sec_input_register_notify,sec_input_unregister_notify	DECLARED_HARD
slsi_ts.ko	sec_secure_touch.ko	1	sec_secure_touch_register	DECLARED_HARD
slsi_ts.ko	sec_tclm_v2.ko	8	sec_execute_tclm_package,sec_tclm_case,sec_tclm_check_cal_case,sec_tclm_debug_info,sec_tclm_initialize,sec_tclm_root_of_cal,sec_tclm_test_on_probe,tclm_test_command	DECLARED_HARD
slsi_ts.ko	sec_tsp_dumpkey.ko	1	dump_callbacks	DECLARED_HARD
slsi_ts.ko	sec_tsp_log.ko	5	sec_debug_tsp_log_msg,sec_debug_tsp_raw_data_msg,sec_tsp_log_fix,sec_tsp_raw_data_clear,sec_tsp_sponge_log	DECLARED_HARD
slsi_ts.ko	spu_verify.ko	1	spu_firmware_signature_verify	DECLARED_HARD
smcinvoke_mod.ko	mem_buf_dev.ko	2	mem_buf_dma_buf_copy_vmperm,mem_buf_dma_buf_exclusive_owner	DECLARED_HARD
smcinvoke_mod.ko	qcom-scm.ko	11	qcom_scm_invoke_callback_response,qcom_scm_invoke_smc,qcom_scm_invoke_smc_legacy,qcom_scm_is_available,qtee_shmbridge_allocate_shm,qtee_shmbridge_deregister,qtee_shmbridge_flush_shm_buf,qtee_shmbridge_free_shm,qtee_shmbridge_inv_shm_buf,qtee_shmbridge_is_enabled,qtee_shmbridge_register	DECLARED_HARD
smcinvoke_mod.ko	qseecom-mod.ko	2	qseecom_process_listener_from_smcinvoke,qseecom_set_msm_bus_request_from_smcinvoke	DECLARED_HARD
smp2p.ko	dhd.ko	1	strlcpy	CANDIDATE_ONLY
smp2p.ko	qcom_ipc_logging.ko	2	ipc_log_context_create,ipc_log_string	DECLARED_HARD
smp2p.ko	smem.ko	2	qcom_smem_alloc,qcom_smem_get	DECLARED_HARD
snd-soc-cirrus-amp.ko	sec_audio_sysfs.ko	7	audio_register_curr_temperature_cb,audio_register_excursion_max_cb,audio_register_excursion_overcount_cb,audio_register_surface_temperature_cb,audio_register_temperature_keep_max_cb,audio_register_temperature_max_cb,audio_register_temperature_overcount_cb	DECLARED_HARD
snd-soc-cirrus-amp.ko	snd-soc-wm-adsp.ko	3	wm_adsp_load_coeff,wm_adsp_read_ctl,wm_adsp_write_ctl	DECLARED_HARD
snd-soc-cs35l41-i2c.ko	snd-soc-cirrus-amp.ko	8	cirrus_amp_add,cirrus_amp_write_ctl,cirrus_bd_amp_err,cirrus_bd_bst_short,cirrus_cal_apply,cirrus_get_amp_from_suffix,cirrus_pwr_start,cirrus_pwr_stop	DECLARED_HARD
snd-soc-cs35l41-i2c.ko	snd-soc-wm-adsp.ko	8	wm_adsp2_component_probe,wm_adsp2_component_remove,wm_adsp2_preloader_get,wm_adsp2_preloader_put,wm_adsp2_remove,wm_adsp_early_event,wm_adsp_event,wm_halo_init	DECLARED_HARD
snd-soc-cs35l45-i2c.ko	snd-soc-cs35l45.ko	4	cs35l45_i2c_regmap,cs35l45_initialize,cs35l45_probe,cs35l45_remove	DECLARED_HARD
snd-soc-cs35l45.ko	snd-soc-cirrus-amp.ko	4	cirrus_amp_add,cirrus_cal_apply,cirrus_pwr_start,cirrus_pwr_stop	DECLARED_HARD
snd-soc-cs35l45.ko	snd-soc-wm-adsp.ko	10	wm_adsp2_component_probe,wm_adsp2_component_remove,wm_adsp2_preloader_get,wm_adsp2_preloader_put,wm_adsp2_remove,wm_adsp_early_event,wm_adsp_event,wm_adsp_read_ctl,wm_adsp_write_ctl,wm_halo_init	DECLARED_HARD
snd-soc-cs40l26.ko	cl_dsp.ko	2	cl_dsp_coeff_file_parse,cl_dsp_get_reg	DECLARED_HARD
snd-soc-cs40l26.ko	input-cs40l26-i2c.ko	3	cs40l26_ack_write,cs40l26_asp_start,cs40l26_vibe_state_update	DECLARED_HARD
snd-usb-audio-qmi.ko	qcom_ipc_logging.ko	3	ipc_log_context_create,ipc_log_context_destroy,ipc_log_string	DECLARED_HARD
snd-usb-audio-qmi.ko	qmi_helpers.ko	6	qmi_add_server,qmi_handle_init,qmi_handle_release,qmi_response_type_v01_ei,qmi_send_indication,qmi_send_response	DECLARED_HARD
snd-usb-audio-qmi.ko	usb_notify_layer.ko	1	store_usblog_notify	DECLARED_HARD
soc_sleep_stats.ko	cdsp-loader.ko	1	cdsp_restart	DECLARED_HARD
soc_sleep_stats.ko	sec_debug.ko	1	sec_debug_level	DECLARED_HARD
soc_sleep_stats.ko	sec_pm_log.ko	1	ss_power_print	DECLARED_HARD
soc_sleep_stats.ko	smem.ko	1	qcom_smem_get	DECLARED_HARD
socinfo.ko	sec_debug.ko	1	sec_debug_level	DECLARED_HARD
socinfo.ko	smem.ko	1	qcom_smem_get	DECLARED_HARD
spcom.ko	dhd.ko	1	strlcpy	CANDIDATE_ONLY
spcom.ko	qcom_ipc_logging.ko	3	ipc_log_context_create,ipc_log_context_destroy,ipc_log_string	DECLARED_HARD
spi-msm-geni.ko	msm-geni-se.ko	27	geni_abort_m_cmd,geni_cancel_m_cmd,geni_read_reg,geni_se_clk_freq_match,geni_se_dump_dbg_regs,geni_se_init,geni_se_iommu_map_buf,geni_se_iommu_unmap_buf,geni_se_qupv3_hw_version,geni_se_resources_init,geni_se_rx_dma_prep,geni_se_rx_dma_unprep,geni_se_select_mode,geni_se_tx_dma_prep,geni_se_tx_dma_unprep,geni_setup_m_cmd,geni_write_reg,get_rx_fifo_depth,get_se_proto,get_tx_fifo_depth,get_tx_fifo_width,se_config_packing,se_geni_clks_off,se_geni_clks_on,se_geni_resources_off,se_geni_resources_on,se_get_packing_config	DECLARED_HARD
spi-msm-geni.ko	qcom_ipc_logging.ko	2	ipc_log_context_create,ipc_log_string	DECLARED_HARD
spmi-glink-debug.ko	pmic_glink.ko	3	pmic_glink_register_client,pmic_glink_unregister_client,pmic_glink_write	DECLARED_HARD
sps_drv.ko	qcom_ipc_logging.ko	3	ipc_log_context_create,ipc_log_context_destroy,ipc_log_string	DECLARED_HARD
spss_utils.ko	qcom_spss.ko	1	qcom_spss_set_fw_name	DECLARED_HARD
spss_utils.ko	rproc_qcom_common.ko	2	qcom_register_ssr_notifier,qcom_unregister_ssr_notifier	DECLARED_HARD
ssg.ko	blk-sec-stats.ko	3	blk_sec_stats_account_exit,blk_sec_stats_account_init,blk_sec_stats_account_io_done	DECLARED_HARD
stm_console.ko	stm_core.ko	3	stm_source_register_device,stm_source_unregister_device,stm_source_write	DECLARED_HARD
stm_ftrace.ko	stm_core.ko	3	stm_source_register_device,stm_source_unregister_device,stm_source_write	DECLARED_HARD
stm_p_basic.ko	stm_core.ko	3	stm_data_write,stm_register_protocol,stm_unregister_protocol	DECLARED_HARD
stm_p_ost.ko	stm_core.ko	3	stm_data_write,stm_register_protocol,stm_unregister_protocol	DECLARED_HARD
stm_ts_spi.ko	gh_irq_lend.ko	3	gh_irq_lend_notify,gh_irq_lend_v2,gh_irq_reclaim	DECLARED_HARD
stm_ts_spi.ko	gh_mem_notifier.ko	2	gh_mem_notifier_register,gh_mem_notifier_unregister	DECLARED_HARD
stm_ts_spi.ko	gh_rm_drv.ko	4	gh_rm_get_vmid,gh_rm_mem_lend,gh_rm_mem_notify,gh_rm_mem_reclaim	DECLARED_HARD
stm_ts_spi.ko	hall_ic.ko	1	hall_ic_request_notitfy	DECLARED_HARD
stm_ts_spi.ko	hall_ic_notifier.ko	2	hall_notifier_register,hall_notifier_unregister	DECLARED_HARD
stm_ts_spi.ko	sec_cmd.ko	7	sec_cmd_exit,sec_cmd_init,sec_cmd_send_event_to_user,sec_cmd_set_cmd_exit,sec_cmd_set_cmd_result,sec_cmd_set_cmd_result_all,sec_cmd_set_default_result	DECLARED_HARD
stm_ts_spi.ko	sec_common_fn.ko	26	ptsp,sec_delay,sec_input_check_cover_type,sec_input_check_wirelesscharger_mode,sec_input_clear_common_hw_param,sec_input_coord_event_fill_slot,sec_input_coord_event_sync_slot,sec_input_device_register,sec_input_disable_device,sec_input_enable_device,sec_input_gesture_report,sec_input_get_common_hw_param,sec_input_get_fod_info,sec_input_handler_start,sec_input_parse_dt,sec_input_pinctrl_configure,sec_input_power,sec_input_print_info,sec_input_release_all_finger,sec_input_set_fod_info,sec_input_set_fod_rect,sec_input_set_grip_type,sec_input_set_temperature,sec_input_sysfs_create,sec_input_sysfs_remove,sec_tclm_parse_dt	DECLARED_HARD
stm_ts_spi.ko	sec_input_notifier.ko	3	sec_input_notify,sec_input_register_notify,sec_input_unregister_notify	DECLARED_HARD
stm_ts_spi.ko	sec_secure_touch.ko	1	sec_secure_touch_register	DECLARED_HARD
stm_ts_spi.ko	sec_tclm_v2.ko	8	sec_execute_tclm_package,sec_tclm_case,sec_tclm_check_cal_case,sec_tclm_debug_info,sec_tclm_initialize,sec_tclm_root_of_cal,sec_tclm_test_on_probe,tclm_test_command	DECLARED_HARD
stm_ts_spi.ko	sec_tsp_dumpkey.ko	1	dump_callbacks	DECLARED_HARD
stm_ts_spi.ko	sec_tsp_log.ko	5	sec_debug_tsp_log_msg,sec_debug_tsp_raw_data_msg,sec_tsp_log_fix,sec_tsp_raw_data_clear,sec_tsp_sponge_log	DECLARED_HARD
stm_ts_spi.ko	spu_verify.ko	1	spu_firmware_signature_verify	DECLARED_HARD
stm_ts_spi.ko	vbus_notifier.ko	2	vbus_notifier_register,vbus_notifier_unregister	DECLARED_HARD
stub-regulator.ko	debug-regulator.ko	1	devm_regulator_debug_register	DECLARED_HARD
subsystem_sleep_stats.ko	smem.ko	1	qcom_smem_get	DECLARED_HARD
subsystem_sleep_stats.ko	soc_sleep_stats.ko	1	ddr_stats_freq_sync_send_msg	DECLARED_HARD
switch_gpio.ko	switch_class.ko	3	switch_dev_register,switch_dev_unregister,switch_set_state	DECLARED_HARD
synx-driver.ko	dhd.ko	1	strlcpy	CANDIDATE_ONLY
synx-driver.ko	qcom_ipc_lite.ko	2	ipc_lite_msg_send,ipc_lite_register_client	DECLARED_HARD
sys_pm_vx.ko	subsystem_sleep_stats.ko	3	has_subsystem_slept,has_system_slept,subsystem_sleep_debug_enable	DECLARED_HARD
sysmon_subsystem_stats.ko	smem.ko	1	qcom_smem_get	DECLARED_HARD
thermal_pause.ko	dhd.ko	1	strlcpy	CANDIDATE_ONLY
thermal_pause.ko	sched-walt.ko	2	walt_pause_cpus,walt_resume_cpus	DECLARED_HARD
thermal_pause.ko	sec_pm_log.ko	1	ss_thermal_print	DECLARED_HARD
tsl2510.ko	dhd.ko	1	strlcpy	CANDIDATE_ONLY
tsl2510.ko	flicker_test.ko	4	als_eol_mode,als_eol_set_env,als_eol_update_als,als_eol_update_flicker	DECLARED_HARD
tsl2510.ko	sensors_core.ko	4	sensors_create_symlink,sensors_register,sensors_remove_symlink,sensors_unregister	DECLARED_HARD
tz_log.ko	qcom-scm.ko	7	qcom_scm_get_tz_feat_id_version,qcom_scm_get_tz_log_feat_id,qcom_scm_query_encrypted_log_feature,qcom_scm_register_qsee_log_buf,qcom_scm_request_encrypted_log,qtee_shmbridge_deregister,qtee_shmbridge_register	DECLARED_HARD
tz_log.ko	tmecom-intf.ko	1	tmelog_process_request	DECLARED_HARD
ucsi_glink.ko	pmic_glink.ko	3	pmic_glink_register_client,pmic_glink_unregister_client,pmic_glink_write	DECLARED_HARD
ucsi_glink.ko	qcom_ipc_logging.ko	3	ipc_log_context_create,ipc_log_context_destroy,ipc_log_string	DECLARED_HARD
ufs_qcom.ko	abc.ko	1	sec_abc_send_event	DECLARED_HARD
ufs_qcom.ko	clk-qcom.ko	1	qcom_clk_set_flags	DECLARED_HARD
ufs_qcom.ko	crypto-qti-common.ko	1	crypto_qti_disable	DECLARED_HARD
ufs_qcom.ko	phy-qcom-ufs.ko	5	ufs_qcom_phy_ctrl_rx_linecfg,ufs_qcom_phy_dbg_register_dump,ufs_qcom_phy_set_src_clk_h8_enter,ufs_qcom_phy_set_src_clk_h8_exit,ufs_qcom_phy_set_tx_lane_enable	DECLARED_HARD
ufs_qcom.ko	qcom-scm.ko	7	qcom_scm_config_set_ice_key,qcom_scm_ice_available,qcom_scm_ice_invalidate_key,qtee_shmbridge_allocate_shm,qtee_shmbridge_flush_shm_buf,qtee_shmbridge_free_shm,qtee_shmbridge_inv_shm_buf	DECLARED_HARD
ufs_qcom.ko	qcom_ipc_logging.ko	2	ipc_log_context_create,ipc_log_string	DECLARED_HARD
ufs_qcom.ko	sec_class.ko	1	sec_device_create	DECLARED_HARD
ufs_qcom.ko	sec_debug.ko	1	sec_debug_is_enabled	DECLARED_HARD
ufs_qcom.ko	ufshcd-crypto-qti.ko	1	ufshcd_qti_hba_init_crypto_capabilities	DECLARED_HARD
ufshcd-crypto-qti.ko	crypto-qti-common.ko	3	crypto_qti_derive_raw_secret,crypto_qti_keyslot_evict,crypto_qti_keyslot_program	DECLARED_HARD
usb_bam.ko	sps_drv.ko	15	sps_alloc_endpoint,sps_connect,sps_deregister_bam_device,sps_device_reset,sps_disconnect,sps_free_endpoint,sps_get_bam_addr,sps_get_bam_debug_info,sps_get_config,sps_phy2h,sps_register_bam_device,sps_register_event,sps_set_config,sps_setup_bam2bam_fifo,sps_timer_ctrl	DECLARED_HARD
usb_f_diag.ko	dhd.ko	1	strlcpy	CANDIDATE_ONLY
usb_f_gsi.ko	dwc3-msm.ko	2	msm_ep_set_mode,usb_gsi_ep_op	DECLARED_HARD
usb_f_gsi.ko	ipa_fmwk.ko	7	ipa_register_ipa_ready_cb,ipa_usb_deinit_teth_prot,ipa_usb_init_teth_prot,ipa_usb_xdci_connect,ipa_usb_xdci_disconnect,ipa_usb_xdci_resume,ipa_usb_xdci_suspend	DECLARED_HARD
usb_f_gsi.ko	qcom_ipc_logging.ko	3	ipc_log_context_create,ipc_log_context_destroy,ipc_log_string	DECLARED_HARD
usb_f_qdss.ko	dwc3-msm.ko	6	msm_data_fifo_config,msm_ep_clear_ops,msm_ep_config,msm_ep_set_mode,msm_ep_unconfig,msm_ep_update_ops	DECLARED_HARD
usb_f_qdss.ko	qcom_ipc_logging.ko	3	ipc_log_context_create,ipc_log_context_destroy,ipc_log_string	DECLARED_HARD
usb_f_qdss.ko	usb_bam.ko	8	get_bam2bam_connection_info,get_qdss_bam_info,usb_bam_alloc_fifos,usb_bam_connect,usb_bam_disconnect_pipe,usb_bam_free_fifos,usb_bam_get_bam_type,usb_bam_get_connection_idx	DECLARED_HARD
usb_f_ss_mon_gadget.ko	dhd.ko	1	strlcpy	CANDIDATE_ONLY
usb_f_ss_mon_gadget.ko	usb_notify_layer.ko	4	get_otg_notify,send_otg_notify,send_usb_err_uevent,store_usblog_notify	DECLARED_HARD
usb_f_ss_mon_gadget.ko	usb_typec_manager.ko	2	set_usb_enable_state,set_usb_enumeration_state	DECLARED_HARD
usb_notifier_qcom.ko	common_muic.ko	1	muic_notifier_register	DECLARED_HARD
usb_notifier_qcom.ko	dwc3-msm.ko	5	dwc3_max_speed_setting,dwc_msm_id_event,dwc_msm_vbus_event,gadget_speed,is_dwc3_msm_probe_done	DECLARED_HARD
usb_notifier_qcom.ko	usb_notify_layer.ko	4	get_otg_notify,send_otg_notify,set_notify_data,set_otg_notify	DECLARED_HARD
usb_notifier_qcom.ko	usb_typec_manager.ko	2	manager_notifier_register,manager_notifier_unregister	DECLARED_HARD
usb_notifier_qcom.ko	vbus_notifier.ko	2	vbus_notifier_register,vbus_notifier_unregister	DECLARED_HARD
usb_notify_layer.ko	dhd.ko	1	strlcpy	CANDIDATE_ONLY
usb_typec_manager.ko	abc.ko	1	sec_abc_send_event	DECLARED_HARD
usb_typec_manager.ko	common_muic.ko	2	muic_notifier_register,muic_notifier_unregister	DECLARED_HARD
usb_typec_manager.ko	pdic_notifier_module.ko	10	check_factory_mode_boot,get_pdic_device,is_lpcharge_pdic_param,pdic_event_dest_string,pdic_event_id_string,pdic_event_src_string,pdic_notifier_register,pdic_notifier_unregister,pdic_rid_string,pdic_usbstatus_string	DECLARED_HARD
usb_typec_manager.ko	sec_class.ko	1	sec_device_create	DECLARED_HARD
usb_typec_manager.ko	usb_notify_layer.ko	6	get_otg_notify,is_blocked,register_hw_param_manager,store_usblog_notify,usb_external_notify_register,usb_external_notify_unregister	DECLARED_HARD
usb_typec_manager.ko	vbus_notifier.ko	2	vbus_notifier_register,vbus_notifier_unregister	DECLARED_HARD
videocc-diwali.ko	clk-qcom.ko	12	clk_alpha_pll_lucid_evo_ops,clk_alpha_pll_regs,clk_branch2_ops,clk_lucid_evo_pll_configure,clk_rcg2_ops,clk_regmap_div_ro_ops,qcom_cc_map,qcom_cc_really_probe,qcom_cc_runtime_init,qcom_cc_runtime_resume,qcom_cc_runtime_suspend,qcom_cc_sync_state	DECLARED_HARD
videocc-waipio.ko	clk-qcom.ko	12	clk_alpha_pll_lucid_evo_ops,clk_alpha_pll_regs,clk_branch2_ops,clk_lucid_evo_pll_configure,clk_rcg2_ops,clk_regmap_div_ro_ops,qcom_cc_map,qcom_cc_really_probe,qcom_cc_runtime_init,qcom_cc_runtime_resume,qcom_cc_runtime_suspend,qcom_cc_sync_state	DECLARED_HARD
wlan_firmware_service.ko	qmi_helpers.ko	1	qmi_response_type_v01_ei	DECLARED_HARD
zram.ko	dhd.ko	1	strlcpy	CANDIDATE_ONLY
zram.ko	zsmalloc.ko	10	zs_compact,zs_create_pool,zs_destroy_pool,zs_free,zs_get_total_pages,zs_huge_class_size,zs_malloc,zs_map_object,zs_pool_stats,zs_unmap_object	DECLARED_HARD
